PlInf_Name,ContInf_Salary,PlInf_Nat,PlInf_Ht,PlInf_Wt,PlInf_DftRd,PlInf_Ovrl,PlInf_Age,PlInf_Seasons,PlInf_Team,PrimStat_GP,PrimStat_G,PrimStat_A,PrimStat_+/-,PrimStat_PIM,PrimStat_Shifts,PrimStat_TOI,IndStat_iSF,PenStat_iPenT,PenStat_iPenD,CarStat_GP,CarStat_G,CarStat_A,CarStat_+/-,CarStat_PIM,CarStat_TOI
Jimmy Hayes,700000,USA,77,215,2.0,60.0,28,7,NJD,33,3,6,-2,6,491,23617,37,3,2,334,54,55,-29,149,4120
Jori Lehtera,4700000,FIN,74,212,3.0,65.0,30,4,PHI,62,3,5,-8,14,952,39114,45,7,9,280,33,75,19,134,4109
Michael Stone,3500000,CAN,75,210,3.0,69.0,27,7,CGY,82,3,7,-11,28,1759,82396,98,14,10,425,29,83,-46,238,8141
Scott Hartnell,1000000,CAN,74,215,1.0,6.0,35,17,NSH,62,13,11,-3,82,1099,44707,82,19,8,1249,327,380,66,1809,19535
Ron Hainsey,3600000,USA,75,205,1.0,13.0,36,15,TOR,80,4,19,12,20,2215,104951,73,10,2,987,53,223,-61,410,20909
Chris Kunitz,2000000,CAN,72,195,,,38,14,TBL,82,13,16,8,35,1383,58776,81,16,4,966,263,346,191,723,15905
Adam Henrique,5000000,CAN,72,195,3.0,82.0,27,8,NJD,81,24,26,11,20,1844,86436,151,10,9,512,142,151,4,158,9364
Brooks Orpik,5500000,USA,75,217,1.0,18.0,37,15,WSH,81,0,10,-9,68,1797,94113,54,30,13,982,16,169,71,940,19329
Daniel Brickley,925000,USA,75,203,,,22,1,LAK,1,0,1,1,0,14,648,0,0,0,1,0,1,1,0,11
Curtis McKenzie,700000,CAN,74,205,6.0,159.0,26,4,DAL,7,0,2,3,11,88,3403,11,4,1,99,10,13,-1,131,1073
Tucker Poolman,925000,USA,74,199,5.0,127.0,24,1,WPG,24,1,1,2,0,394,18091,27,0,1,24,1,1,2,0,302
Justin Williams,5000000,CAN,73,188,1.0,28.0,36,17,CAR,82,16,35,-9,56,1796,81613,198,21,11,1162,289,444,112,716,19634
Niklas Kronwall,3500000,SWE,72,194,1.0,29.0,37,14,DET,79,4,23,-14,36,1908,87794,76,18,5,874,80,325,0,524,19105
David Warsofsky,650000,USA,69,170,4.0,95.0,27,5,COL,16,0,5,4,0,296,12859,18,0,1,55,2,9,-6,8,869
Dale Weise,2550000,CAN,74,206,4.0,111.0,29,8,PHI,46,4,4,-7,21,708,29180,44,9,9,439,49,60,13,320,4741
Anders Lee,4500000,USA,75,231,6.0,152.0,27,6,NYI,82,40,22,-25,44,1636,84953,208,22,13,343,124,83,-9,198,5301
T.J. Brodie,4838000,CAN,73,182,4.0,114.0,27,8,CGY,73,4,28,-16,18,1991,103719,118,9,9,491,35,178,-22,134,11309
Gustav Nyquist,5250000,SWE,71,184,4.0,121.0,28,7,DET,82,21,19,-2,20,1816,87828,213,10,14,419,109,137,3,116,6837
Derek Grant,650000,CAN,75,215,4.0,119.0,27,5,ANA,66,12,12,3,11,1127,43948,65,4,4,152,12,19,-13,41,1579
Matt Calvert,2900000,CAN,71,186,5.0,127.0,28,8,CBJ,69,9,15,-10,33,1268,55377,108,10,4,416,72,77,-24,273,5872
Paul Martin,4400000,USA,73,200,2.0,62.0,36,14,SJS,14,0,2,3,2,270,12399,6,1,1,870,50,270,126,238,19749
Greg Pateryn,850000,USA,75,224,5.0,128.0,27,5,DAL,73,1,12,6,50,1925,85918,100,22,8,167,3,26,-3,115,2868
Eric Staal,3500000,CAN,76,209,1.0,2.0,33,14,MIN,82,42,34,8,42,1760,87635,242,21,14,1093,395,527,-32,756,21693
Thomas Vanek,2000000,AUT,74,214,1.0,5.0,34,13,VAN,80,24,32,-3,36,1585,67621,168,18,9,965,357,396,18,521,15873
Ryan Suter,9000000,USA,74,202,1.0,7.0,33,13,MIN,78,6,45,-1,34,2108,125318,149,17,6,991,75,418,110,602,24862
Braydon Coburn,3700000,CAN,77,223,1.0,8.0,32,13,TBL,72,1,14,3,40,1541,69223,73,17,2,850,44,161,40,656,16956
Dion Phaneuf,7000000,CAN,76,225,1.0,9.0,32,13,OTT,79,6,20,-15,49,2094,94786,134,20,15,981,136,352,-36,1292,23592
Jeff Carter,6500000,CAN,75,217,1.0,11.0,33,13,LAK,27,13,9,4,2,630,28905,85,1,5,904,352,320,78,455,16420
Dustin Brown,6500000,USA,72,216,1.0,13.0,33,14,LAK,81,28,33,31,58,2019,96405,222,18,28,1045,260,307,-12,654,18617
Brent Seabrook,9000000,CAN,75,220,1.0,14.0,32,13,CHI,81,7,19,-3,38,2329,98159,136,19,8,1004,95,337,116,612,22372
Steve Bernier,650000,CAN,75,224,1.0,16.0,32,12,NYI,4,0,0,-2,0,53,2413,4,0,1,637,105,125,-15,300,8427
Zach Parise,9000000,USA,71,195,1.0,17.0,33,13,MIN,42,15,9,0,14,877,43049,119,7,17,872,333,352,84,344,16175
Eric Fehr,2000000,CAN,76,208,1.0,18.0,32,13,TOR,18,3,1,6,2,329,12724,27,1,1,580,106,100,57,187,7220
Ryan Getzlaf,9025000,CAN,76,223,1.0,19.0,32,13,ANA,56,11,50,20,42,1438,71990,117,21,7,917,247,628,165,772,18097
Matt Martin,2500000,CAN,75,220,5.0,148.0,28,9,TOR,50,3,9,0,50,604,23965,46,16,6,570,50,59,-46,853,6148
Ryan Kesler,6675000,USA,74,202,1.0,23.0,33,14,ANA,44,8,6,-4,46,1090,47612,78,17,9,941,253,312,29,876,17863
Brian Boyle,3000000,USA,78,245,1.0,26.0,33,11,NJD,69,13,10,-9,45,1178,55026,120,13,4,693,106,86,-29,533,9060
Jared Spurgeon,5500000,CAN,69,168,6.0,156.0,28,8,MIN,61,9,28,-6,8,1639,89837,110,4,6,509,56,149,51,76,11231
Mark Barberio,700000,CAN,73,207,6.0,152.0,27,6,COL,46,3,10,6,31,1067,47693,52,14,2,239,13,40,5,95,3958
Patrick Eaves,3300000,USA,70,202,1.0,29.0,33,13,ANA,2,1,0,0,0,48,1975,3,0,1,626,132,110,8,206,8076
Dominic Moore,1000000,CAN,72,192,3.0,95.0,37,13,TOR,50,6,6,3,16,785,30892,46,8,6,897,106,176,-23,487,12290
Loui Eriksson,8000000,SWE,74,196,2.0,33.0,32,12,VAN,50,10,13,0,4,1135,48808,101,2,6,840,233,318,50,158,15333
Marcus Kruger,3475000,SWE,72,186,5.0,149.0,27,8,CAR,48,1,5,-6,28,839,31211,30,10,13,446,34,77,7,204,6083
Tage Thompson,925000,USA,77,205,1.0,26.0,20,1,STL,41,3,6,-12,12,640,29334,55,6,8,41,3,6,-12,12,489
Brad Hunt,650000,CAN,69,187,,,29,5,VGK,45,3,15,-5,6,944,44947,80,3,0,78,5,22,-16,10,1275
Lance Bouma,1000000,CAN,74,208,3.0,78.0,27,7,CHI,53,3,6,1,36,839,33868,56,15,16,357,30,46,-7,210,4231
Patrice Bergeron,8750000,CAN,73,195,2.0,45.0,32,14,BOS,64,30,33,21,26,1574,74640,224,13,6,963,289,445,155,366,18164
Rasmus Andersson,742500,SWE,73,214,2.0,53.0,21,2,CGY,10,0,0,-1,4,207,9263,8,2,3,11,0,0,-2,4,173
Zac Rinaldo,700000,CAN,70,192,6.0,178.0,27,6,ARI,53,5,2,-7,44,907,35883,56,12,10,328,14,20,-42,699,2824
Shea Weber,12000000,CAN,76,230,2.0,49.0,32,13,MTL,26,6,10,-8,14,796,39543,75,7,5,867,189,312,60,620,20946
Tommy Wingels,750000,USA,72,200,6.0,177.0,29,8,CHI,75,9,8,-11,45,1312,51687,86,21,22,448,62,81,-39,254,6108
Travis Sanheim,832500,CAN,75,181,1.0,17.0,21,1,PHI,49,2,8,-6,20,1002,45815,72,9,2,49,2,8,-6,20,764
Zach Redmond,650000,USA,74,212,7.0,184.0,29,6,BUF,3,0,0,1,2,59,2606,7,1,0,133,9,29,12,50,1998
Torey Krug,5500000,USA,69,186,,,26,7,BOS,76,14,45,0,36,1898,93030,197,18,13,398,52,183,28,154,8013
Andrei Mironov,925000,RUS,75,194,4.0,101.0,23,1,COL,10,1,2,2,12,159,6628,3,6,0,10,1,2,2,12,110
Denis Malgin,715000,CHE,69,177,4.0,102.0,21,2,FLA,51,11,11,4,6,985,42390,79,3,10,98,17,15,-1,14,1235
Matt Bartkowski,650000,USA,73,196,7.0,190.0,29,8,CGY,18,0,3,-3,4,303,14413,21,2,0,253,7,40,-13,157,4367
Christian Wolanin,925000,CAN,74,185,4.0,107.0,22,1,OTT,10,1,2,-4,0,186,8788,14,0,0,10,1,2,-4,0,146
David Backes,8000000,USA,75,221,2.0,62.0,33,12,BOS,57,14,19,2,53,1114,52652,160,14,5,858,237,294,69,1091,15409
Matt Hendricks,700000,USA,72,209,5.0,131.0,36,10,WPG,60,5,8,-1,39,868,33927,56,12,2,581,54,59,-39,703,6775
J.T. Brown,1250000,USA,70,169,,,27,6,TBL,47,2,5,-5,24,616,25580,40,6,6,309,20,44,-5,192,3574
Matt Tennyson,650000,USA,74,205,,,27,5,BUF,15,0,0,-8,8,376,16175,25,4,1,120,3,17,-18,32,1709
Dominik Simon,742500,CZE,71,176,5.0,137.0,23,3,PIT,33,4,8,2,16,523,22616,36,8,4,38,4,10,1,16,421
Christian Jaros,730000,SVK,75,201,5.0,139.0,21,1,OTT,2,0,0,0,0,28,956,0,0,1,2,0,0,0,0,16
Luke Glendening,2000000,USA,71,192,,,28,5,DET,69,11,8,-14,17,1385,54644,88,7,17,362,35,44,-23,145,5034
Troy Terry,925000,USA,73,175,5.0,148.0,20,1,ANA,2,0,0,0,0,29,1225,3,0,0,2,0,0,0,0,20
Yanni Gourde,1000000,CAN,69,172,,,26,3,TBL,82,25,39,34,50,1688,79497,136,22,26,104,31,42,34,60,1647
Shane Gersich,925000,USA,71,175,5.0,134.0,21,1,WSH,3,0,1,-1,0,37,1623,4,0,0,3,0,1,-1,0,27
Zach Whitecloud,925000,CAN,74,209,,,21,1,VGK,1,0,0,3,0,20,1002,0,0,0,1,0,0,3,0,17
Bobby Ryan,7250000,USA,74,209,1.0,2.0,30,11,OTT,62,11,22,-12,14,1301,61163,112,7,12,731,234,271,28,386,12585
Ryan Murray,2825000,CAN,73,205,1.0,2.0,24,5,CBJ,44,1,11,4,8,1058,48672,34,4,1,264,12,60,2,90,5323
Alex Galchenyuk,4900000,USA,73,207,1.0,3.0,23,6,MTL,82,19,32,-31,22,1589,79872,213,11,11,418,108,147,-34,151,6478
Morgan Rielly,5000000,CAN,73,217,1.0,5.0,23,5,TOR,76,6,46,-4,14,2260,98495,182,7,9,388,31,140,-70,89,8165
Hampus Lindholm,6000000,SWE,75,208,1.0,6.0,24,5,ANA,69,13,18,16,34,1795,94143,131,17,7,371,42,101,90,178,8024
Nail Yakupov,875000,RUS,71,195,1.0,1.0,24,6,COL,58,9,7,2,26,864,37717,94,13,12,350,62,74,-89,142,4759
Mathew Dumba,2750000,CAN,72,184,1.0,7.0,23,5,MIN,82,14,36,15,41,2112,117169,176,19,12,310,44,84,39,163,5894
Pontus Aberg,650000,SWE,71,196,2.0,37.0,24,2,NSH,53,4,12,9,10,880,38692,70,5,10,68,5,13,7,14,830
Phillip Di Giuseppe,725000,CAN,72,200,2.0,38.0,24,3,CAR,49,5,8,0,17,734,30876,64,7,3,126,13,24,-12,50,1542
Jordie Benn,1100000,CAN,74,198,,,30,7,MTL,77,4,11,-2,34,2082,87647,106,14,4,392,17,71,4,157,7065
Sami Niku,742500,FIN,73,176,7.0,198.0,21,1,WPG,1,1,0,0,0,18,913,2,0,0,1,1,0,0,0,15
Kyle Quincey,1250000,CAN,74,210,4.0,132.0,32,13,MIN,18,0,3,-4,28,352,15418,11,10,3,586,36,122,8,548,11837
Brady Skjei,925000,USA,75,211,1.0,28.0,23,3,NYR,82,4,21,-27,39,2263,103443,153,18,13,169,9,55,-15,85,3245
Stefan Matteau,650000,USA,74,220,1.0,29.0,23,4,VGK,8,0,1,0,0,98,3937,8,0,2,64,3,4,-14,27,634
Tanner Pearson,3500000,CAN,73,201,1.0,30.0,25,5,LAK,82,15,25,11,27,1858,78561,180,12,29,308,69,74,43,80,4586
Scott Laughton,875000,CAN,73,190,1.0,20.0,23,5,PHI,81,10,10,-10,42,1307,54043,108,14,19,190,19,28,-13,93,2114
Mark Jankowski,925000,CAN,76,202,1.0,21.0,23,2,CGY,72,17,8,-7,33,1266,57698,118,15,14,73,17,8,-7,33,972
Olli Maatta,4083300,FIN,74,206,1.0,22.0,23,5,PIT,82,7,22,-1,28,2087,92279,164,14,8,302,24,69,52,86,5726
Mike Matheson,925000,CAN,74,192,1.0,23.0,23,3,FLA,81,10,17,-1,61,2182,103699,167,25,19,165,17,27,-5,99,3486
Jordan Schmaltz,925000,USA,74,190,1.0,25.0,24,2,STL,13,0,1,0,6,216,8558,5,3,1,22,0,3,0,10,272
Zemgus Girgensons,1600000,LVA,74,207,1.0,14.0,24,5,BUF,71,7,8,-12,26,1331,58404,113,13,17,348,44,57,-41,103,5264
Cody Ceci,3350000,CAN,74,209,1.0,15.0,24,5,OTT,82,5,14,-27,12,2442,114830,143,6,6,366,25,67,-37,70,7600
Tom Wilson,2250000,CAN,76,218,1.0,16.0,23,5,WSH,78,14,21,10,187,1567,74828,123,58,37,391,35,69,22,806,4750
Tomas Hertl,3200000,CZE,74,220,1.0,17.0,24,5,SJS,79,22,24,-2,41,1942,85801,175,15,19,328,81,89,12,101,5328
Teuvo Teravainen,2860000,FIN,71,178,1.0,18.0,23,5,CAR,82,23,41,8,14,1791,83085,185,6,8,278,55,95,4,52,4374
Derrick Pouliot,800000,CAN,72,208,1.0,8.0,24,4,VAN,71,3,19,-22,39,1640,76048,78,13,6,138,5,31,-33,49,2368
Jacob Trouba,3500000,USA,75,202,1.0,9.0,23,5,WPG,55,3,21,9,34,1403,72263,144,17,12,326,34,95,29,239,7464
Slater Koekkoek,800000,CAN,74,193,1.0,10.0,23,4,TBL,35,4,4,4,18,568,23594,43,9,2,76,4,9,-1,30,913
Filip Forsberg,6000000,SWE,73,205,1.0,11.0,23,6,NSH,67,26,38,27,38,1601,70246,179,19,13,331,117,138,26,145,5898
Radek Faksa,2000000,CZE,75,216,1.0,13.0,24,3,DAL,79,17,16,21,36,1842,72386,119,15,13,204,34,44,24,119,3056
Patrick Sieloff,650000,USA,73,205,2.0,42.0,23,2,OTT,1,1,0,-2,0,19,671,3,0,0,2,2,0,-1,2,29
Matt Grzelcyk,925000,USA,69,174,3.0,85.0,24,2,BOS,61,3,12,21,22,1391,61271,82,11,5,63,3,12,21,24,1046
Colton Parayko,6500000,CAN,78,230,3.0,86.0,24,3,STL,82,6,29,-7,13,2212,111263,212,5,17,242,19,84,28,74,5103
Brendan Leipsic,650000,CAN,70,180,3.0,89.0,23,2,VGK,58,5,17,-4,14,936,45714,95,7,9,64,6,19,-5,16,847
Oskar Sundqvist,675000,SWE,75,209,3.0,81.0,23,3,STL,42,1,4,-5,14,661,26401,41,7,9,70,2,7,-9,20,717
Brad Richardson,2250000,CAN,72,190,5.0,163.0,32,13,ARI,76,3,12,-24,45,1700,67337,105,17,10,683,81,123,-37,362,9194
Esa Lindell,2200000,FIN,75,213,3.0,74.0,23,3,DAL,80,7,20,19,24,2237,105977,137,12,5,157,13,32,24,46,3419
Marc Methot,4900000,CAN,76,233,6.0,168.0,32,12,DAL,36,1,2,11,31,953,38628,25,14,2,615,22,101,55,374,12285
Chandler Stephenson,650000,CAN,72,203,3.0,77.0,23,3,WSH,67,6,12,13,8,1081,47713,36,4,7,80,6,12,10,10,901
Shayne Gostisbehere,6000000,USA,71,180,3.0,78.0,24,4,PHI,78,13,52,10,25,1968,100411,221,11,19,220,37,113,-5,81,4474
Devin Shore,925000,CAN,72,205,2.0,61.0,23,3,DAL,82,11,21,-30,14,1869,75908,123,7,15,167,24,41,-32,28,2461
Jujhar Khaira,650000,CAN,76,214,3.0,63.0,23,3,EDM,69,11,10,-7,47,1207,52609,73,16,8,94,12,12,-8,62,1125
Adam Pelech,875000,CAN,75,217,3.0,65.0,23,3,NYI,78,3,16,7,28,1841,90203,106,14,5,131,6,25,1,34,2402
Jimmy Vesey,925000,USA,75,206,3.0,66.0,24,2,NYR,79,17,11,-18,20,1502,67930,136,6,14,159,33,22,-31,46,2223
Nate Thompson,1650000,USA,73,214,6.0,183.0,33,11,OTT,69,5,12,-1,20,1327,52858,53,10,5,619,53,75,-54,319,8204
Jordan Martinook,1750000,CAN,72,204,2.0,58.0,25,4,ARI,81,6,9,-24,45,1703,68090,112,21,16,247,26,39,-44,103,3666
Boo Nieves,767500,USA,75,212,2.0,59.0,24,2,NYR,28,1,8,6,12,444,17134,23,6,1,29,1,8,5,12,297
Damon Severson,2500000,CAN,74,205,2.0,60.0,23,4,NJD,76,9,15,-8,42,1904,89740,121,18,10,279,18,75,-60,154,5552
Martin Frk,650000,CZE,73,205,2.0,49.0,24,2,DET,68,11,14,-14,14,962,41972,100,7,5,70,11,14,-17,14,716
Colton Sissons,650000,CAN,73,200,2.0,50.0,24,4,NSH,81,9,18,2,42,1832,78218,120,21,15,190,22,25,18,70,2468
Jake McCabe,1775000,USA,73,210,2.0,44.0,24,5,BUF,53,3,9,-11,26,1407,62013,53,10,4,215,10,37,-15,118,4208
Mike Hoffman,5650000,CAN,72,181,5.0,130.0,28,7,OTT,82,22,34,-20,32,1841,90562,257,16,19,342,107,123,10,119,5705
Brock McGinn,875000,CAN,72,185,2.0,47.0,23,3,CAR,80,16,14,-12,22,1657,69584,160,8,29,158,26,24,-37,38,2078
Micheal Ferland,1700000,CAN,74,208,5.0,133.0,25,4,CGY,77,21,20,5,24,1467,69389,144,9,11,250,42,47,-10,135,3205
Joe Pavelski,6000000,USA,71,195,7.0,205.0,33,12,SJS,82,22,44,0,41,1970,94737,224,19,23,888,317,380,112,349,16753
Connor Carrick,850000,USA,70,192,5.0,137.0,23,4,TOR,47,4,8,5,27,992,42680,55,12,3,167,9,21,-1,116,2644
Kyle Brodziak,900000,CAN,74,209,7.0,214.0,33,13,STL,81,10,23,13,33,1610,65429,113,15,10,847,123,164,-38,429,12118
Charles Hudon,650000,CAN,70,188,5.0,122.0,23,3,MTL,72,10,20,-12,38,1304,60605,179,15,28,78,10,24,-9,40,1078
Dominic Toninato,925000,USA,74,200,5.0,126.0,23,1,COL,37,0,2,0,12,427,17533,25,6,8,37,0,2,0,12,292
Trevor Carrick,670000,CAN,74,186,4.0,115.0,23,2,CAR,1,0,0,0,2,15,452,1,1,0,3,0,0,-1,2,41
Taylor Leier,806558,CAN,71,180,4.0,117.0,23,3,PHI,39,1,4,-7,6,622,24542,48,3,6,55,2,5,-8,10,546
Jaccob Slavin,792500,USA,75,205,4.0,120.0,23,3,CAR,82,8,22,1,10,2149,111132,154,5,9,227,15,69,25,30,5096
Andreas Athanasiou,1387500,CAN,74,188,4.0,110.0,23,3,DET,71,16,17,-15,16,1461,65238,170,8,22,172,43,33,-21,49,2283
Patrick Marleau,8500000,CAN,74,215,1.0,2.0,38,20,TOR,82,27,20,1,16,1938,83580,204,8,6,1575,535,594,-7,475,27582
Gemel Smith,650000,CAN,70,190,4.0,104.0,23,2,DAL,46,6,5,5,17,633,26031,42,7,5,63,9,8,4,38,665
Brett Kulak,650000,CAN,74,187,4.0,105.0,24,4,CGY,71,2,6,-3,27,1224,55319,73,12,11,101,2,9,-8,41,1339
Jake Guentzel,742500,USA,71,180,3.0,77.0,23,2,PIT,82,22,26,-9,42,1792,81112,171,20,17,122,38,43,-2,52,1987
Kevin Roy,925000,CAN,69,170,4.0,97.0,24,1,ANA,25,6,1,3,6,458,20473,26,3,5,25,6,1,3,6,341
Toby Enstrom,5750000,SWE,70,180,8.0,239.0,33,11,WPG,43,1,5,8,20,950,43941,31,10,3,719,54,254,5,422,16363
Cedric Paquette,825000,CAN,73,198,4.0,101.0,24,5,TBL,56,5,4,-5,41,840,34279,64,18,16,236,27,23,-8,223,2854
Dustin Byfuglien,8000000,USA,77,260,8.0,245.0,32,13,WPG,69,8,37,15,112,1728,100763,193,41,10,827,173,321,-12,1025,18033
Erik Gustafsson,650000,SWE,72,176,4.0,93.0,25,2,CHI,35,5,11,1,6,869,38966,71,3,2,76,5,25,12,10,1283
Carl Soderberg,5000000,SWE,75,210,2.0,49.0,32,6,COL,77,16,21,0,26,1708,80171,150,13,14,400,63,133,-21,148,6397
Daniel O'Regan,925000,USA,70,185,5.0,138.0,24,2,SJS,21,0,4,-2,2,305,12560,17,1,1,24,1,4,-4,2,244
Paul Ladue,874125,USA,74,198,6.0,181.0,25,2,LAK,12,3,1,5,6,225,10059,13,3,0,34,3,9,0,10,507
Ryan Reaves,1125000,CAN,73,225,5.0,156.0,31,8,PIT,79,4,6,-7,94,830,36004,42,26,10,498,31,30,-11,789,3954
Vinnie Hinostroza,817500,USA,69,173,6.0,169.0,23,3,CHI,50,7,18,5,10,870,41459,86,5,11,106,13,26,3,33,1339
Matt Moulson,5000000,CAN,73,203,9.0,263.0,34,11,BUF,14,0,0,-9,2,197,8641,13,1,0,650,176,193,-42,122,10520
Tanner Glass,650000,CAN,73,213,9.0,265.0,34,11,CGY,16,0,0,-4,19,210,9005,14,5,2,527,24,45,-55,658,5407
Jared McCann,832500,CAN,73,198,1.0,24.0,21,3,FLA,68,9,19,11,30,1345,54081,143,12,13,166,19,34,4,66,2103
Antoine Vermette,1750000,CAN,73,197,2.0,55.0,35,14,ANA,64,8,8,-5,34,1363,52799,91,17,15,1046,228,287,-49,622,17608
David Booth,700000,USA,72,212,2.0,53.0,33,10,DET,28,4,1,-5,10,292,11711,33,5,1,530,124,112,-31,216,7795
Christoph Bertschy,892500,CHE,70,185,6.0,158.0,23,3,MIN,1,0,0,1,4,9,323,0,2,0,9,0,1,1,8,67
Jake Dotchin,700000,CAN,75,210,6.0,161.0,23,2,TBL,48,3,8,17,38,943,47476,48,16,12,83,3,19,27,73,1436
Joseph Blandisi,660000,CAN,72,182,6.0,162.0,23,3,ANA,3,0,0,2,2,51,2102,4,1,0,71,8,18,-22,62,1035
Connor Brown,2100000,CAN,72,185,6.0,156.0,24,3,TOR,82,14,14,0,18,1790,73866,119,9,11,171,35,35,1,28,2665
Ben Hutton,2800000,CAN,74,207,5.0,147.0,24,3,VAN,61,0,6,-9,23,1458,67397,103,10,9,207,6,44,-52,68,4069
Alexander Kerfoot,925000,CAN,70,175,5.0,150.0,23,1,COL,79,19,24,-7,28,1398,63714,82,13,13,79,19,24,-7,28,1062
Sven Andrighetto,1250000,CHE,70,188,3.0,86.0,24,4,COL,50,8,14,-15,10,924,43459,111,5,12,152,24,42,-13,28,2101
Steven Kampfer,650000,USA,71,195,4.0,93.0,29,6,NYR,22,0,1,-7,20,527,22772,31,7,4,166,10,16,0,82,2681
Jonathan Ericsson,4250000,SWE,76,220,9.0,291.0,33,11,DET,81,3,10,-7,47,2162,93839,86,22,6,610,24,96,1,496,11518
Jaycob Megna,650000,USA,78,219,7.0,210.0,25,2,ANA,14,0,1,-4,2,285,13199,7,1,2,15,0,1,-3,2,235
Adam Lowry,1250000,USA,77,210,3.0,67.0,24,4,WPG,45,8,13,9,8,944,40213,70,4,9,281,41,49,2,159,4124
Christian Djoos,650000,SWE,72,169,7.0,195.0,23,1,WSH,63,3,11,13,10,1162,53050,60,5,6,63,3,11,13,10,884
Joakim Ryan,650000,USA,71,185,7.0,198.0,24,1,SJS,62,3,9,13,8,1297,62315,79,4,2,62,3,9,13,8,1039
Brandon Dubinsky,5850000,USA,74,205,2.0,60.0,31,12,CBJ,62,6,10,-2,33,1293,57072,89,15,9,762,147,277,40,869,13362
Matt Cullen,1000000,USA,73,202,2.0,35.0,41,20,MIN,79,11,11,-1,20,1279,56369,104,10,10,1445,259,452,-30,578,22173
Nicolas Kerdiles,650000,USA,74,200,2.0,36.0,24,2,ANA,2,0,0,0,0,13,450,0,0,0,3,0,0,1,0,19
Steven Fogarty,750000,USA,75,209,3.0,72.0,24,1,NYR,1,0,0,0,2,19,736,1,1,0,1,0,0,0,2,12
Liam O'Brien,650000,CAN,73,215,,,23,3,WSH,3,0,0,0,5,30,1245,1,1,0,17,1,1,4,28,125
Keegan Lowe,650000,USA,73,193,3.0,73.0,24,2,EDM,2,0,0,-1,0,40,1668,4,0,0,4,0,0,-3,10,55
Kurtis MacDermid,650000,CAN,77,233,,,23,1,LAK,34,1,3,-4,57,568,23672,19,17,4,34,1,3,-4,57,395
Victor Ejdsell,742500,SWE,77,214,,,22,1,CHI,6,0,1,-1,0,97,4794,7,0,0,6,0,1,-1,0,80
Blake Coleman,660000,USA,71,200,3.0,75.0,26,2,NJD,79,13,12,7,50,1524,68235,146,22,20,102,14,13,0,77,1433
Ashton Sautner,720000,CAN,73,195,,,23,1,VAN,5,0,2,4,2,88,4008,3,1,0,5,0,2,4,2,67
Logan Shaw,650000,CAN,75,208,3.0,76.0,26,3,ANA,72,4,10,-6,12,1239,51327,105,6,10,180,12,19,-10,35,2038
Alex Steen,7000000,SWE,72,211,1.0,24.0,33,13,STL,76,15,31,-11,20,1873,85244,168,10,18,898,228,350,33,428,16514
Calle Rosen,925000,SWE,73,195,,,23,1,TOR,4,0,1,-3,4,78,3069,5,2,1,4,0,1,-3,4,51
Ethan Bear,730000,CAN,71,209,5.0,124.0,20,1,EDM,18,1,3,-11,10,417,20123,20,5,2,18,1,3,-11,10,335
Mark Giordano,6750000,CAN,72,198,,,34,12,CGY,82,13,25,0,63,2301,121955,214,26,21,755,112,266,55,642,16895
Mark Borowiecki,1200000,CAN,73,207,5.0,139.0,28,7,OTT,52,3,8,-6,64,1114,45684,66,23,12,269,7,21,0,500,3933
Andrej Sekera,5500000,SVK,72,200,3.0,71.0,31,12,EDM,36,0,8,-15,6,804,35274,36,3,1,683,45,187,-9,172,14197
Noah Juulsen,925000,CAN,74,175,1.0,26.0,20,1,MTL,23,1,2,1,4,639,26804,33,2,3,23,1,2,1,4,447
Jayson Megna,675000,USA,73,195,,,27,5,VAN,1,0,0,0,0,7,258,0,0,0,113,10,10,-6,28,1309
Marco Scandella,4000000,CAN,75,208,2.0,55.0,27,8,BUF,82,5,17,-15,37,2332,114719,138,17,12,455,32,79,-25,185,9303
Daniel Sedin,7000000,SWE,73,190,1.0,2.0,37,17,VAN,81,23,32,-21,40,1693,74214,189,16,11,1306,393,648,147,546,22211
Henrik Sedin,7000000,SWE,74,183,1.0,3.0,37,17,VAN,82,3,47,-22,30,1724,76498,67,15,12,1330,240,830,165,680,23271
Tyler Bozak,4000000,CAN,73,199,,,31,9,TOR,81,11,32,6,28,1746,76023,154,14,10,594,136,229,-78,182,10924
Josh Leivo,650000,CAN,74,210,3.0,86.0,24,5,TOR,16,1,3,0,6,239,10145,25,3,5,57,10,12,3,20,618
Andrew Mangiapane,730000,CAN,70,184,6.0,166.0,21,1,CGY,10,0,0,-3,2,129,5358,7,1,0,10,0,0,-3,2,89
Tanner Fritz,650000,CAN,71,192,,,26,1,NYI,34,3,4,-3,8,529,25544,27,3,4,34,3,4,-3,8,426
David Desharnais,1000000,CAN,67,180,,,31,9,NYR,71,6,22,-22,18,1292,55622,55,9,11,524,87,195,13,160,8236
Anthony Beauvillier,925000,CAN,71,182,1.0,28.0,20,2,NYI,71,21,15,2,16,1266,61884,132,8,7,137,30,30,3,26,1891
Brent Burns,10000000,CAN,77,230,1.0,20.0,32,14,SJS,82,12,55,-16,46,2275,124194,332,22,7,961,182,384,2,617,20658
Johnny Boychuk,7000000,CAN,74,227,2.0,61.0,34,11,NYI,58,6,12,-8,30,1417,70268,141,12,7,587,49,127,124,292,12037
Jordan Schroeder,650000,USA,69,170,1.0,22.0,27,6,CBJ,21,1,1,-4,4,235,9421,20,2,1,165,18,24,5,14,1760
Marcus Johansson,4750000,SWE,73,205,1.0,24.0,27,8,NJD,29,5,9,-11,14,533,27825,42,6,3,530,107,197,11,76,8767
Kyle Palmieri,4500000,USA,71,185,1.0,26.0,26,8,NJD,62,24,20,-1,30,1390,64392,182,15,28,422,123,120,15,205,6385
Nick Lappin,842500,USA,73,175,,,25,2,NJD,6,1,0,2,4,83,3514,7,2,1,49,5,3,-15,21,563
Landon Ferraro,700000,CAN,72,176,2.0,32.0,26,4,MIN,2,1,0,1,0,14,530,3,0,0,77,7,5,-9,29,802
Ryan O'Reilly,9000000,CAN,73,216,2.0,33.0,26,9,BUF,81,24,37,-23,2,2134,101170,230,1,18,651,155,267,-53,84,12642
Josh Gorges,3900000,CAN,73,204,,,33,13,BUF,34,0,2,-4,17,746,30478,15,7,5,783,17,107,-6,404,15532
Kyle Clifford,1700000,CAN,74,211,2.0,35.0,27,8,LAK,50,6,4,-4,48,763,31648,81,17,10,535,43,51,-10,678,5408
Alex Chiasson,660000,CAN,76,208,2.0,38.0,27,6,WSH,61,9,9,1,26,959,43062,59,10,3,381,59,65,-26,222,5161
Jakob Silfverberg,3750000,SWE,74,202,2.0,39.0,27,6,ANA,77,17,23,6,18,1897,82977,187,9,12,419,93,116,50,118,7024
Tim Schaller,775000,USA,74,210,,,27,4,BOS,82,12,10,-5,42,1522,65339,133,14,13,176,21,20,-13,69,2159
John Tavares,6000000,CAN,73,208,1.0,1.0,27,9,NYI,82,37,47,-12,26,1895,98032,258,13,20,669,272,349,-42,307,13395
Danny DeKeyser,5500000,USA,75,192,,,27,6,DET,65,6,6,2,28,1882,79256,65,14,1,381,24,75,7,179,8101
Marian Gaborik,5075000,SVK,73,200,1.0,3.0,35,17,LAK,46,11,10,2,24,870,38566,80,12,6,1035,407,408,95,492,18340
Evander Kane,6000000,CAN,74,212,1.0,4.0,26,9,BUF,78,29,25,-9,82,1801,91617,308,34,22,574,186,168,-50,671,10737
Brayden Schenn,5000000,CAN,73,200,1.0,5.0,26,9,STL,82,28,42,10,56,1952,97049,210,21,20,515,137,181,-22,273,8663
Cam Atkinson,4500000,USA,68,179,6.0,157.0,28,7,CBJ,65,24,22,19,14,1542,73716,231,7,9,447,145,128,28,116,7687
Casey Nelson,650000,USA,73,185,,,25,3,BUF,37,3,5,-14,8,903,41692,48,4,3,55,3,9,-16,20,937
Magnus Paajarvi,800000,SWE,75,206,1.0,10.0,26,8,STL,79,8,4,-11,12,1412,59015,126,6,3,387,51,54,-40,72,5016
Ryan Ellis,3000000,CAN,70,180,1.0,11.0,27,7,NSH,44,9,23,26,6,1229,61661,110,3,8,396,55,118,76,140,7764
Calvin de Haan,3300000,CAN,73,198,1.0,12.0,26,6,NYI,33,1,11,11,8,770,37124,44,4,4,304,12,69,26,118,6053
Zack Kassian,1850000,CAN,75,209,1.0,13.0,27,7,EDM,74,7,12,-8,92,1182,51812,86,25,7,387,52,65,-29,614,4780
Peter Cehlarik,742500,SVK,74,202,3.0,90.0,22,2,BOS,6,1,1,2,2,109,5016,3,1,0,17,1,3,2,2,237
Kevin Labanc,742500,USA,71,185,6.0,171.0,22,2,SJS,77,11,29,-6,32,1498,66303,156,16,15,132,19,41,3,54,1857
Nick Leddy,5000000,USA,72,204,1.0,16.0,26,8,NYI,80,10,32,-42,20,1966,107621,153,10,8,578,56,202,-26,105,11702
Corey Perry,10000000,CAN,75,213,1.0,28.0,32,13,ANA,71,17,32,-4,71,1559,75730,169,24,18,957,366,400,92,1083,17441
Chris Kreider,5000000,USA,75,224,1.0,19.0,26,6,NYR,58,16,21,-2,44,1261,54352,137,19,10,381,105,114,51,326,5969
Jacob Josefson,700000,SWE,72,196,1.0,20.0,26,8,BUF,39,2,2,-4,6,646,26621,35,3,3,315,20,44,-21,84,4006
John Moore,1950000,USA,74,210,1.0,21.0,27,8,NJD,81,7,11,3,47,2210,97245,141,22,2,447,32,67,-32,184,7811
Brayden McNabb,1800000,CAN,76,212,3.0,66.0,27,6,VGK,76,5,10,26,52,1920,91892,88,23,7,314,12,53,49,271,5575
Reilly Smith,6000000,CAN,72,185,3.0,69.0,26,7,VGK,67,22,38,31,24,1489,72056,162,12,6,432,98,149,69,116,7078
Carter Rowney,650000,CAN,74,200,,,28,2,PIT,44,2,3,-13,4,649,24675,21,2,3,71,5,7,-11,8,707
Tomas Tatar,6000000,SVK,70,185,2.0,60.0,27,7,DET,82,20,14,-19,34,1770,80026,174,14,21,427,119,109,-3,146,6582
Kalle Kossila,925000,FIN,70,185,,,24,2,ANA,10,1,1,-4,0,139,5451,9,0,0,11,1,1,-4,0,98
Kevin Rooney,650000,USA,74,190,,,24,2,NJD,1,0,0,0,0,18,706,3,0,1,5,0,0,-3,4,53
Chad Ruhwedel,650000,USA,71,191,,,27,6,PIT,44,2,3,-8,16,955,41516,67,8,8,111,4,13,1,28,1822
Brandon Tanev,700000,CAN,72,180,,,26,3,WPG,61,8,10,13,18,1151,46340,79,9,21,115,10,12,7,46,1353
Dmitry Orlov,6500000,RUS,71,212,2.0,55.0,26,6,WSH,82,10,21,10,22,2093,113794,125,11,21,365,30,94,53,136,6958
Paul Carey,650000,USA,73,200,5.0,135.0,29,5,NYR,60,7,7,-13,20,909,36936,51,10,5,92,8,8,-11,20,874
Brandon Pirri,650000,CAN,72,186,2.0,59.0,26,8,VGK,2,3,0,3,0,39,2114,11,0,0,228,60,41,4,77,3111
Brian Dumoulin,4100000,USA,76,207,2.0,51.0,26,5,PIT,80,5,13,-5,30,2244,98964,102,15,11,243,7,44,7,64,4820
Richard Panik,2800000,SVK,73,208,2.0,52.0,26,6,CHI,72,14,21,7,38,1435,65652,136,19,20,335,61,65,6,176,4430
Luke Witkowski,700000,USA,74,210,6.0,160.0,27,4,DET,31,1,3,-1,68,306,12809,16,17,1,85,1,7,-2,126,821
Matthew Tkachuk,925000,USA,74,202,1.0,6.0,20,2,CGY,68,24,25,-1,61,1354,70383,188,22,42,144,37,60,13,166,2287
Marcus Foligno,2000000,CAN,75,232,4.0,104.0,26,7,MIN,77,8,15,2,72,1129,50187,79,26,19,424,57,82,-15,406,5964
Auston Matthews,925000,USA,75,216,1.0,1.0,20,2,TOR,62,34,29,25,12,1497,67437,187,6,17,144,74,58,27,26,2570
Matt Duchene,6000000,CAN,71,195,1.0,3.0,27,9,COL,82,27,32,-22,18,1836,90194,190,9,20,654,201,276,-83,158,12042
Jordan Szwarz,650000,CAN,71,200,4.0,97.0,26,3,BOS,12,0,3,-4,2,200,8287,19,1,1,47,4,3,-12,23,484
Craig Smith,4250000,USA,73,208,4.0,98.0,28,7,NSH,79,25,26,20,24,1623,72909,229,12,14,516,123,138,38,210,7756
Chris Wideman,800000,USA,70,183,4.0,100.0,28,3,OTT,16,3,5,5,6,279,11094,24,3,2,156,14,24,16,86,2139
Charlie McAvoy,925000,USA,72,208,1.0,14.0,20,1,BOS,63,7,25,20,53,1666,83717,77,25,12,63,7,25,20,53,1395
Casey Cizikas,3000000,CAN,71,200,4.0,92.0,26,7,NYI,64,7,10,-12,23,1216,50746,74,10,15,413,44,80,-12,158,5271
David Savard,4000000,CAN,74,227,4.0,94.0,27,7,CBJ,81,4,12,2,32,1984,94187,145,16,4,407,32,93,27,236,8388
Nicolas Deslauriers,775000,CAN,73,215,3.0,84.0,26,5,MTL,58,10,4,7,55,895,40350,77,16,7,269,22,22,-47,241,2904
Cody Eakin,3850000,CAN,72,190,3.0,85.0,26,7,VGK,80,11,16,-6,22,1482,69768,107,11,7,459,76,105,-17,210,7261
Alex DeBrincat,742500,USA,67,165,2.0,39.0,20,1,CHI,82,28,24,6,6,1564,72826,181,3,13,82,28,24,6,6,1214
Michael Raffl,2350000,AUT,72,200,,,29,5,PHI,76,13,9,9,28,1446,60441,96,11,15,345,64,50,19,140,4704
Patrik Laine,925000,FIN,77,206,1.0,2.0,19,2,WPG,82,44,26,8,24,1662,81085,241,11,15,155,80,54,15,50,2659
Kevin Connauton,1050000,CAN,74,205,3.0,83.0,27,5,ARI,73,11,10,3,20,1566,66472,102,10,7,260,26,42,8,155,4068
Clayton Keller,900000,USA,70,170,1.0,7.0,19,2,ARI,82,23,42,-7,24,1892,88986,212,12,25,85,23,44,-10,24,1521
Jesse Puljujarvi,925000,FIN,76,211,1.0,4.0,19,2,EDM,65,12,8,-1,14,1139,52134,136,7,4,93,13,15,4,24,1184
Zdeno Chara,4000000,SVK,81,250,3.0,56.0,40,20,BOS,73,7,17,22,60,1804,100317,144,26,12,1423,195,433,240,1839,34197
Gabriel Dumont,650000,CAN,70,190,5.0,139.0,27,6,TBL,30,1,1,1,6,409,16276,38,3,4,87,4,5,1,48,812
Justin Faulk,5500000,USA,72,215,2.0,37.0,25,7,CAR,76,8,23,-26,48,1987,101541,211,24,16,477,74,149,-109,218,11169
Wade Megan,650000,USA,73,191,5.0,138.0,27,2,STL,1,0,0,0,0,10,501,1,0,0,4,1,0,1,0,35
Gabriel Bourque,750000,CAN,70,206,5.0,132.0,27,7,COL,58,5,6,-6,12,872,37947,44,6,4,306,36,53,-20,58,3913
Logan Brown,925000,USA,78,220,1.0,11.0,19,1,OTT,4,0,1,0,0,43,1951,4,0,0,4,0,1,0,0,33
Anton Blidh,867500,SWE,72,201,6.0,180.0,22,2,BOS,1,0,0,0,0,12,623,0,0,0,20,1,1,-2,7,177
Tyson Jost,900000,CAN,71,191,1.0,10.0,19,2,COL,65,12,10,-10,26,1177,57072,113,12,20,71,13,10,-15,26,1045
Janne Kuokkanen,792500,FIN,73,188,2.0,43.0,19,1,CAR,4,0,0,-3,0,64,2655,6,0,1,4,0,0,-3,0,44
Byron Froese,650000,CAN,73,202,4.0,119.0,26,3,MTL,48,3,8,0,26,770,33349,49,13,7,110,5,11,-14,47,1326
Ben Chiarot,1200000,CAN,75,219,4.0,120.0,26,5,WPG,57,2,12,15,32,1058,52244,57,16,4,227,7,37,10,130,3478
Victor Mete,742500,CAN,69,184,4.0,100.0,19,1,MTL,49,0,7,5,4,1051,45824,43,2,4,49,0,7,5,4,764
Markus Granlund,950000,FIN,72,183,2.0,45.0,24,5,VAN,53,8,4,-10,8,1190,51694,93,4,8,224,43,32,-35,52,3430
Erik Haula,2750000,FIN,72,193,7.0,182.0,26,5,VGK,76,29,26,-16,37,1530,79224,175,17,12,342,71,73,17,150,4624
John Gilmour,742500,CAN,72,195,7.0,198.0,24,1,NYR,28,2,3,-11,14,671,28856,61,7,2,28,2,3,-11,14,481
Evgeni Malkin,9500000,RUS,75,195,1.0,2.0,31,12,PIT,78,42,56,16,87,1829,88873,239,38,29,784,370,560,91,813,15779
Austin Czarnik,675000,USA,69,160,,,25,2,BOS,10,0,4,-1,0,154,6547,7,0,1,59,5,12,-11,12,747
MacKenzie Weegar,675000,CAN,72,212,7.0,206.0,24,2,FLA,60,2,6,5,32,1153,52460,58,13,9,63,2,6,5,36,927
Samuel Girard,742500,CAN,70,162,2.0,47.0,19,1,NSH,73,4,19,-11,8,1609,77299,84,4,16,73,4,19,-11,8,1288
Pierre-Luc Dubois,925000,CAN,75,207,1.0,3.0,19,1,CBJ,82,20,28,8,49,1727,81842,165,19,23,82,20,28,8,49,1364
Tyler Motte,925000,USA,70,191,4.0,121.0,22,2,CBJ,46,5,2,-4,6,725,30979,64,3,10,79,9,5,-2,20,892
Will Butcher,925000,USA,70,190,5.0,123.0,23,1,NJD,81,5,39,1,8,1679,78072,88,4,4,81,5,39,1,8,1301
Henrik Borgstr√∂m,925000,FIN,75,185,1.0,23.0,20,1,FLA,4,1,0,-1,0,72,3038,6,0,1,4,1,0,-1,0,51
Joel Hanley,725000,CAN,71,191,,,26,3,ARI,5,0,0,0,0,89,3339,2,0,0,22,0,6,-3,4,287
Alex Ovechkin,10000000,RUS,75,235,1.0,1.0,32,13,WSH,82,49,38,3,32,1730,99110,355,16,18,1003,607,515,87,649,21032
Jesper Bratt,732500,SWE,70,175,6.0,162.0,19,1,NJD,74,13,22,-16,18,1516,67716,100,9,13,74,13,22,-16,18,1129
Andrew Ladd,7500000,CAN,75,192,1.0,4.0,32,13,NYI,73,12,17,11,24,1446,69612,112,12,7,920,245,281,35,548,15396
Blake Wheeler,5800000,USA,77,225,1.0,5.0,31,10,WPG,81,23,68,13,52,2056,98447,246,26,24,778,222,383,99,512,14149
Dennis Seidenberg,1250000,DEU,72,199,6.0,172.0,36,15,NYI,28,0,5,-9,17,577,30043,31,7,2,859,44,207,39,359,17815
Carson Soucy,925000,CAN,77,208,5.0,137.0,23,1,MIN,3,0,0,-2,2,63,2672,4,1,3,3,0,0,-2,2,45
Drew Stafford,800000,USA,74,215,1.0,13.0,32,12,NJD,59,8,7,-20,10,1003,49062,102,5,9,784,191,224,-51,397,12446
Darren Archibald,650000,CAN,75,210,,,27,2,VAN,27,4,5,-1,14,585,24072,28,4,2,43,5,7,0,14,526
Nick Jensen,800000,USA,72,194,5.0,150.0,27,2,DET,81,0,15,-8,27,1853,79002,107,12,10,130,4,24,-15,39,2187
Jordan Nolan,1000000,CAN,75,219,7.0,186.0,28,7,BUF,69,4,4,-13,69,986,40562,50,22,13,361,24,26,-26,333,3428
Vladimir Tarasenko,7000000,RUS,72,225,1.0,16.0,26,6,STL,80,33,33,15,17,1851,91474,306,7,18,421,178,172,69,123,7368
Ben Sexton,725000,CAN,71,196,7.0,206.0,26,1,OTT,2,0,0,-1,0,27,1233,1,0,0,2,0,0,-1,0,21
Travis Zajac,6500000,CAN,74,185,1.0,20.0,32,12,NJD,63,12,14,-8,25,1445,67692,91,11,4,842,167,294,18,290,15874
Jonny Brodzinski,650000,USA,73,217,5.0,148.0,24,2,LAK,35,4,2,4,6,480,19961,53,3,5,41,4,4,6,8,406
Mike Green,6000000,CAN,73,207,1.0,29.0,32,13,DET,66,8,25,-14,38,1873,87445,132,19,6,787,142,322,18,532,17374
Jake Debrusk,925000,CAN,72,188,1.0,14.0,21,1,BOS,70,16,27,13,19,1272,60359,143,4,21,70,16,27,13,19,1006
Nic Dowd,650000,USA,74,197,7.0,198.0,27,3,LAK,56,3,1,-10,28,880,35401,51,14,4,131,9,17,-24,55,1515
Hudson Fasching,925000,USA,75,204,4.0,118.0,22,3,BUF,5,0,0,-1,2,68,2910,1,1,0,22,1,2,0,8,233
Troy Stecher,925000,CAN,70,190,,,23,2,VAN,68,1,10,-7,35,1628,76751,94,16,14,139,4,31,-23,60,2698
Tyrell Goulbourne,725000,CAN,71,195,3.0,72.0,24,1,PHI,9,0,0,-2,2,85,3015,2,1,0,9,0,0,-2,2,50
John Hayden,925000,USA,75,223,3.0,74.0,22,2,CHI,47,4,9,-4,54,746,30526,56,16,11,59,5,12,-1,58,649
Pavel Buchnevich,925000,RUS,74,191,3.0,75.0,22,2,NYR,74,14,29,-3,20,1504,66663,136,7,14,115,22,41,3,33,1655
Blake Comeau,2400000,CAN,73,202,2.0,47.0,31,12,COL,79,13,21,5,50,1675,75235,123,25,22,720,121,164,-69,454,11023
Mattias Janmark,700000,SWE,73,196,3.0,79.0,25,2,DAL,81,19,15,-13,24,1910,82261,136,12,12,154,34,29,-1,40,2406
Anthony Duclair,1200000,CAN,71,191,3.0,80.0,22,4,ARI,56,11,12,-5,16,1053,44632,97,7,13,213,37,52,4,83,2898
Nikita Zaitsev,4500000,RUS,74,195,,,26,2,TOR,60,5,8,8,31,1706,79983,54,14,4,142,9,40,-14,69,3139
Lee Stempniak,2500000,USA,71,195,5.0,148.0,34,13,CAR,37,3,6,-8,4,642,27688,41,2,6,909,203,266,-30,327,14488
Brandon Manning,1000000,CAN,73,205,,,27,6,PHI,65,7,12,0,56,1519,70013,111,22,8,207,11,32,-2,212,3599
Anton Slepyshev,925000,RUS,74,221,3.0,88.0,23,3,EDM,50,6,6,-4,8,790,35431,73,4,9,102,10,13,-4,14,1142
Oliver Bjorkstrand,700000,DNK,72,177,3.0,89.0,22,3,CBJ,82,11,29,4,9,1485,70318,163,3,10,120,21,40,14,15,1730
Drake Caggiula,925000,CAN,70,185,,,23,2,EDM,67,13,7,-13,37,1196,54472,104,16,12,127,20,18,-10,53,1702
Alex Goligoski,6100000,USA,71,185,2.0,61.0,32,11,ARI,78,12,23,-31,26,2225,108938,119,12,7,722,73,275,28,254,16439
David Krejci,7500000,CZE,72,188,2.0,63.0,31,12,BOS,64,17,27,10,18,1310,64803,119,9,13,769,174,396,106,284,13848
Miles Wood,925000,USA,74,195,4.0,100.0,22,3,NJD,76,19,13,-6,84,1275,56813,170,34,28,137,27,22,-27,170,1731
Nick Paul,650000,CAN,76,230,4.0,101.0,22,3,OTT,11,1,0,-4,0,122,5212,11,0,0,36,3,3,-9,6,396
Justin Auger,650000,CAN,78,232,4.0,103.0,23,1,LAK,2,0,0,-1,0,22,959,1,0,1,2,0,0,-1,0,16
Andrew Copp,900000,USA,73,206,4.0,104.0,23,4,WPG,82,9,19,17,14,1637,67569,96,7,8,224,25,34,35,38,2546
Ben Harpur,650000,CAN,78,222,4.0,108.0,23,3,OTT,41,0,1,-21,21,874,36620,26,9,5,52,0,2,-21,23,785
Michal Kempny,900000,CZE,72,194,,,27,2,CHI,53,3,7,14,26,1076,50603,82,13,7,103,5,13,15,48,1592
Yohann Auvitu,700000,FRA,71,187,,,28,2,EDM,33,3,6,4,8,623,26840,69,4,3,58,5,8,5,10,837
Ryan Strome,3000000,CAN,73,194,1.0,5.0,24,5,EDM,82,13,21,-4,33,1622,74883,147,15,5,340,58,102,1,156,5177
Alexei Emelin,4400000,RUS,74,218,3.0,84.0,31,7,NSH,76,1,8,9,40,1726,76979,59,20,8,456,15,66,-9,363,8769
Andre Burakovsky,2750000,SWE,75,201,1.0,23.0,22,4,WSH,56,12,13,3,27,931,46497,84,8,8,252,50,70,32,63,3338
Michael McCarron,832500,USA,78,230,1.0,25.0,22,3,MTL,18,0,1,-1,32,233,9463,15,13,4,69,2,6,-15,110,698
Alexander Edler,6000000,SWE,75,214,3.0,91.0,31,12,VAN,70,6,28,-18,68,1973,101965,172,34,10,758,84,250,-44,491,17398
Marko Dano,850000,SVK,71,212,1.0,27.0,23,4,WPG,23,2,1,-2,6,260,9918,22,3,2,130,19,26,3,40,1452
Morgan Klimchuk,832500,CAN,72,185,1.0,28.0,22,1,CGY,1,0,0,0,0,13,445,0,0,0,1,0,0,0,0,7
Jason Dickinson,832500,CAN,74,205,1.0,29.0,22,3,DAL,27,0,2,-2,17,354,13825,16,7,7,38,3,2,-4,17,360
Ryan Hartman,832500,USA,72,181,1.0,30.0,23,4,CHI,78,11,20,1,72,1370,61131,129,28,32,162,30,33,12,144,2058
Ian McCoshen,925000,USA,75,217,2.0,31.0,22,2,FLA,38,3,1,-10,25,764,34373,26,11,6,41,3,2,-10,25,613
Chris Bigras,832500,CAN,73,190,2.0,32.0,22,2,COL,15,0,1,-2,2,284,12474,8,1,2,46,1,3,-4,18,622
Adam Erne,832500,USA,73,214,2.0,33.0,22,2,TBL,23,3,1,-1,11,335,13964,29,4,3,49,6,1,-10,22,540
Jacob de La Rose,725000,SWE,75,210,2.0,34.0,22,4,MTL,55,4,8,-2,29,922,39090,53,13,3,119,8,11,-16,51,1479
J.T. Compher,925000,USA,72,193,2.0,35.0,22,2,COL,69,13,10,-29,20,1403,66239,131,10,12,90,16,12,-29,24,1418
Valentin Zykov,685000,RUS,73,224,2.0,37.0,22,2,CAR,10,3,4,4,2,181,8224,18,1,1,12,4,4,5,2,150
Laurent Dauphin,750000,CAN,73,180,2.0,39.0,22,3,ARI,2,0,0,-1,2,25,867,1,1,0,34,3,1,-3,18,367
Remi Elie,700000,CAN,73,210,2.0,40.0,22,2,DAL,72,6,8,5,18,1128,44297,70,9,18,90,7,14,10,26,1020
Robert Hagg,832500,SWE,74,204,2.0,41.0,22,2,PHI,70,3,6,5,32,1699,76183,89,16,7,71,3,6,5,32,1291
Steven Santini,925000,USA,74,205,2.0,42.0,22,3,NJD,36,2,8,0,21,987,43792,56,9,3,75,4,13,-4,37,1356
Nic Petan,832500,CAN,69,179,2.0,43.0,22,3,WPG,15,2,0,0,6,167,7572,16,3,0,95,5,16,-11,28,1020
Gustav Olofsson,675000,SWE,75,196,2.0,46.0,23,3,MIN,41,0,8,0,14,683,31424,22,7,2,56,0,11,-1,16,717
Dillon Heatherington,827500,CAN,76,215,2.0,50.0,22,1,DAL,6,0,1,3,26,96,3906,6,6,4,6,0,1,3,26,65
Carl Dahlstrom,742500,SWE,76,231,2.0,51.0,23,1,CHI,11,0,3,-2,0,270,11559,12,0,0,11,0,3,-2,0,193
Justin Bailey,650000,USA,76,214,2.0,52.0,22,3,BUF,12,3,1,-2,2,193,8120,19,1,2,52,5,3,-4,8,568
Madison Bowey,750000,CAN,74,198,2.0,53.0,22,1,WSH,51,0,12,-3,24,862,41963,47,12,5,51,0,12,-3,24,699
Artturi Lehkonen,925000,FIN,72,183,2.0,55.0,22,2,MTL,66,12,9,-11,20,1452,65288,164,10,9,139,30,19,-12,28,2100
Marc Staal,6000000,CAN,76,209,1.0,12.0,31,11,NYR,72,1,7,11,18,1824,80059,68,9,7,761,38,126,50,384,15942
William Carrier,750000,CAN,74,212,2.0,57.0,23,2,VGK,37,1,2,-3,19,455,19627,52,8,17,78,6,5,-4,40,696
Tyler Bertuzzi,650000,CAN,72,190,2.0,58.0,22,2,DET,48,7,17,-7,39,901,41472,83,9,21,55,7,17,-8,39,755
Torrey Mitchell,1300000,CAN,71,186,4.0,126.0,33,10,MTL,60,6,5,-5,30,1059,41049,55,15,8,666,67,85,-10,351,8332
Ryan Callahan,6500000,USA,70,187,4.0,127.0,32,12,TBL,67,5,13,-4,29,1239,53551,104,13,19,705,179,190,-2,414,12411
Mike Liambas,650000,CAN,70,196,,,28,2,ANA,7,0,1,0,21,62,2221,3,6,0,8,0,1,-1,21,42
Brett Pesce,892500,USA,75,200,3.0,66.0,23,3,CAR,65,3,16,-6,18,1642,81526,88,9,10,216,9,46,10,54,4393
Kris Versteeg,1750000,CAN,71,176,5.0,134.0,31,11,CGY,24,3,5,-8,6,406,18983,49,3,3,643,149,209,9,374,10434
Nicholas Baptiste,750000,CAN,73,205,3.0,69.0,22,2,BUF,33,4,2,-4,14,502,19734,45,7,5,47,7,3,-3,20,458
Nathan MacKinnon,5750000,CAN,72,205,1.0,1.0,22,5,COL,74,39,58,11,55,1760,88379,284,19,21,374,114,189,6,151,6980
Aleksander Barkov,5250000,FIN,75,213,1.0,2.0,22,5,FLA,79,27,51,9,14,2155,104612,256,7,22,331,100,149,33,58,6375
Jonathan Drouin,6500000,CAN,72,203,1.0,3.0,22,4,MTL,77,13,33,-28,30,1596,81309,164,15,13,241,42,99,-37,84,3878
Seth Jones,5400000,USA,76,210,1.0,4.0,23,5,CBJ,78,16,41,10,30,2256,115137,249,15,19,393,45,137,-18,120,8604
Elias Lindholm,2900000,SWE,73,192,1.0,5.0,23,5,CAR,81,16,28,-8,18,1924,86959,153,9,13,374,64,124,-70,76,6416
Sean Monahan,6500000,CAN,75,195,1.0,6.0,23,5,CGY,74,31,33,3,24,1577,82948,202,11,11,393,138,143,-16,82,7164
Darnell Nurse,832500,CAN,76,221,1.0,7.0,22,4,EDM,82,6,20,15,67,2270,109469,194,29,15,197,14,33,0,160,4003
Rasmus Ristolainen,5400000,FIN,76,218,1.0,8.0,23,5,BUF,73,6,35,-25,48,2115,116067,182,17,21,346,31,120,-102,171,8356
Bo Horvat,6500000,CAN,72,223,1.0,9.0,22,4,VAN,64,22,22,-1,10,1669,74303,158,5,16,295,71,90,-46,71,4938
Samuel Morin,832500,CAN,78,202,1.0,11.0,22,2,PHI,2,0,0,1,4,43,1897,1,2,0,3,0,0,1,4,49
Max Domi,832500,CAN,70,195,1.0,12.0,22,3,ARI,82,9,36,-7,73,1867,82194,150,31,26,222,36,99,-13,185,3698
Josh Morrissey,832500,CAN,72,195,1.0,13.0,22,3,WPG,81,7,19,15,47,2001,99403,102,21,11,164,13,33,21,85,3271
Alexander Wennberg,3500000,SWE,74,196,1.0,14.0,23,4,CBJ,66,8,27,22,12,1489,71800,74,5,10,283,33,121,11,57,4824
Ryan Pulock,832500,CAN,74,214,1.0,15.0,23,3,NYI,68,10,22,-4,14,1501,75096,184,7,5,84,12,24,-2,19,1491
Nikita Zadorov,2100000,RUS,77,230,1.0,16.0,22,5,COL,77,7,13,4,103,1894,89929,94,43,15,222,11,37,-35,243,4120
Curtis Lazar,850000,CAN,72,209,1.0,17.0,22,4,CGY,65,2,10,-8,23,884,38443,65,10,9,245,15,36,-16,59,2896
Mirco Mueller,775000,CHE,75,210,1.0,18.0,22,4,NJD,28,0,4,1,4,664,28015,19,2,3,82,2,8,-9,21,1283
Radko Gudas,3500000,CZE,72,204,3.0,66.0,27,6,PHI,70,2,14,0,83,1556,71826,142,22,12,339,20,65,5,516,6295
Anthony Mantha,832500,CAN,77,225,1.0,20.0,23,3,DET,80,24,24,-1,52,1698,83010,190,15,6,150,43,44,3,107,2455
Frederik Gauthier,832500,CAN,77,232,1.0,21.0,22,3,TOR,9,1,0,-4,0,123,4721,12,0,2,37,3,2,-7,23,379
Brad Marchand,8000000,CAN,69,181,3.0,71.0,29,9,BOS,68,34,51,25,63,1650,80441,182,26,26,602,226,233,181,578,10356
Nick Foligno,5500000,USA,72,202,1.0,28.0,30,11,CBJ,72,15,18,1,50,1638,79273,137,22,13,768,169,231,-11,631,12219
Jean-Sebastien Dea,650000,CAN,71,175,,,23,2,PIT,5,1,0,1,2,40,1647,1,1,1,6,1,0,1,4,39
Ross Johnston,710000,CAN,77,235,,,23,2,NYI,24,3,3,0,62,310,13442,19,13,4,25,3,3,0,66,240
Derek Dorsett,2500000,CAN,72,192,7.0,189.0,31,10,VAN,20,7,2,-1,74,435,18338,26,18,9,515,51,76,-49,1314,6389
Colby Cave,680000,CAN,73,200,,,23,1,BOS,3,0,0,0,2,48,2062,2,1,0,3,0,0,0,2,34
Taylor Hall,6000000,CAN,73,205,1.0,1.0,26,8,NJD,76,39,54,14,34,1742,87286,278,17,23,529,191,283,-22,300,10074
Dylan Gambrell,925000,USA,72,195,2.0,60.0,21,1,SJS,3,0,0,-1,0,40,1900,1,0,0,3,0,0,-1,0,32
Will O'Neill,650000,USA,73,190,7.0,210.0,29,1,PHI,1,0,0,0,0,12,565,3,0,0,1,0,0,0,0,9
Dakota Mermis,670000,USA,72,195,,,24,1,ARI,9,0,0,-2,0,141,5932,7,0,0,9,0,0,-2,0,99
Erik Johnson,6000000,USA,76,225,1.0,1.0,29,10,COL,62,9,16,3,58,1901,94623,168,22,13,637,70,192,-46,418,14163
Kyle Okposo,8000000,USA,72,220,1.0,7.0,29,11,BUF,76,15,29,-34,40,1540,77644,161,20,19,670,173,285,-101,374,12344
Blake Hillman,925000,USA,73,180,6.0,173.0,22,1,CHI,4,1,0,-1,0,99,4327,5,0,0,4,1,0,-1,0,72
Trevor Lewis,2000000,USA,73,205,1.0,17.0,31,10,LAK,68,14,12,-6,25,1435,62157,134,11,8,574,61,78,-27,146,7921
Josh Anderson,1600000,CAN,75,221,4.0,95.0,23,4,CBJ,63,19,11,-1,42,1416,68183,188,18,21,159,37,27,10,135,2283
Andrew Cogliano,3300000,CAN,70,177,1.0,25.0,30,11,ANA,80,12,23,18,41,1790,72956,175,19,11,866,157,211,37,293,12922
Leo Komarov,2950000,FIN,71,209,6.0,180.0,31,5,TOR,74,7,12,0,31,1691,70094,114,14,8,327,52,70,-7,138,5260
Jamie McGinn,3500000,CAN,73,205,2.0,36.0,29,10,FLA,76,13,16,-5,33,1474,61351,117,12,13,598,113,100,-78,261,8030
Brenden Dillon,3400000,CAN,76,225,,,27,7,SJS,81,5,17,-7,60,1878,84174,88,20,10,447,20,58,-4,409,8304
Eric Gryba,900000,CAN,76,222,3.0,68.0,29,6,EDM,21,0,2,4,31,450,18564,19,10,2,279,7,36,16,358,4744
Giovanni Fiore,685000,CAN,73,193,,,21,1,ANA,1,0,0,-1,0,10,473,0,0,0,1,0,0,-1,0,8
Milan Lucic,8000000,CAN,75,236,2.0,50.0,29,11,EDM,82,10,24,-12,80,1646,78526,147,26,4,811,192,289,105,981,13021
Troy Brouwer,4500000,CAN,75,215,7.0,214.0,32,12,CGY,76,6,16,-7,53,1412,63527,79,14,12,763,169,172,-23,541,12549
Mikael Granlund,5250000,FIN,70,185,1.0,9.0,25,6,MIN,77,21,46,13,18,1727,86771,193,9,15,398,78,190,34,98,7121
Eeli Tolvanen,925000,FIN,70,191,1.0,30.0,18,1,NSH,3,0,0,0,0,57,2180,3,0,0,3,0,0,0,0,36
Maxim Mamin,732500,RUS,74,191,6.0,175.0,23,1,FLA,26,3,1,2,7,398,16412,28,2,1,26,3,1,2,7,274
Matt Hunwick,2500000,USA,71,200,7.0,224.0,32,11,PIT,42,4,6,-4,21,1013,44127,52,9,8,521,25,92,-12,203,9547
Chris Stewart,1100000,CAN,74,242,1.0,18.0,30,10,MIN,54,10,6,-5,27,780,34805,68,9,5,652,160,161,-45,729,9156
Curtis Valk,682500,CAN,69,170,,,24,1,FLA,1,0,0,0,0,6,205,0,0,0,1,0,0,0,0,3
Matt Beleskey,4000000,CAN,72,203,4.0,112.0,29,10,BOS,15,0,0,-9,21,229,9877,17,6,3,473,75,82,-12,437,6247
Josh Jooris,775000,CAN,73,197,,,27,4,CAR,40,3,3,-7,16,586,23437,50,8,12,213,23,32,-9,87,2644
Bryan Little,5000000,CAN,72,191,1.0,12.0,30,11,WPG,82,16,27,2,28,1887,83314,129,14,22,754,200,275,-7,265,13755
Ryan Lomberg,710000,CAN,69,187,,,23,1,CGY,7,0,1,0,15,64,2625,5,3,4,7,0,1,0,15,44
Adam Gaudette,900000,USA,73,170,5.0,149.0,21,1,VAN,5,0,0,2,0,90,3836,9,0,0,5,0,0,2,0,64
Cal Clutterbuck,5000000,CAN,71,216,3.0,72.0,30,11,NYI,76,8,10,-7,53,1354,58317,101,17,8,714,109,97,-33,540,9904
Dmitry Kulikov,4333333,RUS,73,204,1.0,14.0,27,9,WPG,62,3,8,6,22,1309,63508,48,11,7,569,33,121,-58,348,11594
Vadim Shipachyov,4500000,RUS,72,187,,,30,1,VGK,3,1,0,3,2,42,1906,3,1,1,3,1,0,3,2,32
James Neal,5000000,CAN,74,221,2.0,33.0,30,10,VGK,71,25,19,-11,24,1412,73166,202,12,29,703,263,232,35,530,12575
Kerby Rychel,832500,USA,73,213,1.0,19.0,23,3,MTL,4,1,1,-2,2,64,2647,7,1,3,41,3,11,6,19,402
Claude Giroux,9000000,CAN,71,185,1.0,22.0,30,11,PHI,82,34,68,28,20,2074,100188,193,10,26,738,214,463,27,328,14466
Mike Fisher,1000000,CAN,73,216,2.0,44.0,37,18,NSH,16,2,2,0,8,301,11851,14,4,2,1104,278,311,27,815,19252
Alex Biega,800000,CAN,70,193,5.0,147.0,29,4,VAN,44,1,8,3,32,862,39654,79,16,6,138,2,18,-14,72,2100
Daniel Winnik,660000,CAN,74,210,9.0,265.0,32,11,MIN,81,6,17,5,27,1478,65940,82,12,10,798,82,169,52,367,11816
Jordan Staal,6000000,CAN,76,220,1.0,2.0,29,12,CAR,79,19,27,-4,26,2039,91249,160,13,15,843,206,276,32,409,15860
Matt Niskanen,5750000,USA,73,203,1.0,28.0,31,11,WSH,68,7,22,24,36,1690,92237,120,18,4,801,56,242,100,419,16596
Peter Holland,650000,CAN,74,205,1.0,15.0,27,7,NYR,23,1,3,-10,7,412,17103,30,2,0,266,36,49,-38,112,3513
Adam Cracknell,675000,CAN,74,218,9.0,279.0,32,8,DAL,5,0,0,-1,0,66,2313,6,0,0,208,21,22,4,46,2123
Tyler Seguin,6000000,CAN,73,201,1.0,2.0,26,8,DAL,82,40,38,12,43,2370,102870,335,20,24,590,229,276,67,183,10656
Francois Beauchemin,1000000,CAN,71,208,3.0,75.0,37,14,ANA,67,3,14,12,26,1416,69593,93,12,3,903,76,212,14,490,21295
Michael Grabner,1650000,AUT,73,188,1.0,14.0,30,9,NYR,80,27,9,11,16,1738,71129,167,8,12,553,158,91,24,96,8065
Brian Gionta,700000,USA,67,178,3.0,82.0,39,16,BOS,20,2,5,-1,2,331,15681,42,1,1,1026,291,304,35,377,18132
Phil Kessel,9000000,USA,72,202,1.0,5.0,30,12,PIT,82,34,58,-4,36,1823,91935,261,14,9,914,330,411,-67,270,16713
Jason Spezza,7500000,CAN,75,214,1.0,2.0,34,15,DAL,78,8,18,-12,12,1469,60868,138,6,6,989,324,564,21,525,17547
Jannik Hansen,3000000,DNK,73,198,9.0,287.0,31,11,SJS,46,2,12,2,15,811,33233,54,6,6,626,109,147,48,282,9168
Mikko Koivu,9180000,FIN,75,215,1.0,6.0,34,13,MIN,82,14,31,9,46,1893,90957,170,23,4,925,193,466,70,542,17984
Korbinian Holzer,900000,DEU,75,214,4.0,111.0,29,6,ANA,16,0,0,-3,6,257,11151,10,3,1,135,4,15,-16,94,2061
Dan Hamhuis,3000000,CAN,73,204,1.0,12.0,35,14,DAL,80,3,21,-6,33,2161,96903,66,14,10,1031,59,284,68,621,22719
Ales Hemsky,1000000,CZE,72,177,1.0,13.0,34,15,MTL,7,0,0,-1,10,98,4167,5,5,2,845,174,398,-53,353,13484
Nicklas Backstrom,7500000,SWE,73,210,1.0,4.0,30,11,WSH,81,21,50,5,46,1811,95550,165,19,17,815,209,590,118,418,16051
Michael Frolik,4000000,CZE,73,194,1.0,10.0,29,10,CGY,70,10,15,-19,26,1447,71075,167,13,11,728,137,199,10,263,11608
Nate Prosser,650000,USA,74,206,,,31,9,STL,57,3,6,8,19,1001,46041,27,8,10,339,10,37,-1,229,4716
Artem Anisimov,5000000,RUS,76,198,2.0,54.0,29,10,CHI,72,20,11,-17,22,1568,72527,130,11,13,625,148,162,-1,190,10127
Shawn Matthias,2125000,CAN,76,231,2.0,47.0,29,11,WPG,27,1,2,-1,10,454,18100,26,5,1,551,90,84,-42,180,7113
Matt Irwin,650000,CAN,73,207,,,30,6,NSH,50,2,6,2,8,940,40296,62,4,3,279,21,51,19,97,4700
Nikolai Kulemin,5250000,RUS,73,228,2.0,44.0,31,10,NYI,13,1,2,0,0,220,9311,7,0,5,669,121,153,15,173,10218
Andrew MacDonald,5250000,CAN,73,204,6.0,160.0,31,10,PHI,66,6,15,8,30,1698,78611,82,14,11,539,28,124,-6,258,11763
Mikhail Sergachev,925000,RUS,75,215,1.0,9.0,19,2,TBL,79,9,31,11,38,1528,72808,141,19,9,83,9,31,12,38,1262
Mike Cammalleri,1000000,CAN,69,185,2.0,49.0,35,15,LAK,66,7,22,-3,18,1174,54536,128,9,3,906,294,348,-54,425,15972
Chris Thorburn,900000,CAN,75,235,2.0,50.0,34,13,STL,50,1,6,-4,60,572,21115,35,14,3,800,53,81,-40,968,7425
Filip Chytil,925000,CZE,74,202,1.0,21.0,18,1,NYR,9,1,2,-5,4,151,7349,21,2,1,9,1,2,-5,4,122
Jason Pominville,5000000,USA,72,180,2.0,55.0,35,14,BUF,82,16,18,-17,8,1667,73323,168,4,7,987,277,419,48,195,17512
Jonathan Toews,13800000,CAN,74,201,1.0,3.0,29,11,CHI,74,20,32,-1,47,1827,87426,211,22,10,791,292,382,193,437,15630
Artemi Panarin,6000000,RUS,71,168,,,26,3,CBJ,81,27,55,23,26,1875,97835,228,13,24,243,88,145,49,79,4709
Kris Letang,7250000,CAN,72,201,3.0,62.0,30,12,PIT,79,9,42,-9,56,2350,120058,222,28,15,682,96,341,48,494,16114
Victor Antipin,925000,RUS,71,175,,,25,1,BUF,47,0,10,-9,18,965,43083,40,9,2,47,0,10,-9,18,718
Tomas Plekanec,5000000,CZE,71,193,3.0,71.0,35,14,MTL,77,6,20,1,45,1688,69929,144,21,8,998,232,375,55,543,17994
Mathieu Perreault,4500000,CAN,70,188,6.0,177.0,30,9,WPG,70,17,22,4,38,1337,60725,139,19,23,496,108,171,19,248,7090
Dalton Prout,1900000,CAN,75,230,6.0,154.0,27,7,NJD,4,0,0,-2,13,80,3357,5,5,0,242,6,30,-14,306,4077
Alexander Radulov,8000000,RUS,73,201,1.0,15.0,31,5,DAL,82,27,45,4,72,2087,99029,217,36,23,312,92,136,43,208,5287
Kris Russell,5000000,CAN,70,173,3.0,67.0,30,11,EDM,78,4,17,-7,8,2009,89240,90,4,9,719,43,168,-10,218,13926
Patrick Sharp,800000,CAN,73,200,3.0,95.0,36,15,CHI,70,10,11,-16,14,1195,54111,143,7,8,939,287,333,39,536,15994
Chris Tanev,5000000,CAN,74,195,,,28,8,VAN,42,2,9,7,8,1127,49835,31,4,4,390,18,68,36,62,7688
Mats Zuccarello,4500000,NOR,68,179,,,30,8,NYR,80,16,37,-10,36,1915,90836,178,18,20,463,102,213,48,191,8125
Vladislav Namestnikov,1975000,RUS,71,180,1.0,27.0,25,5,TBL,81,22,26,6,45,1718,83046,155,21,21,282,55,72,19,138,4161
Roman Polak,1100000,CZE,74,235,6.0,180.0,31,12,TOR,54,2,10,5,46,1275,57163,47,22,8,688,25,102,-8,550,13046
Calle Jarnkrok,1800000,SWE,71,186,2.0,51.0,26,5,NSH,68,16,19,20,12,1579,64812,105,6,8,316,56,67,29,73,4781
Oscar Lindberg,1600000,SWE,73,202,2.0,57.0,26,4,VGK,63,9,2,-11,14,937,44512,81,6,7,197,30,29,3,89,2282
Martin Marincin,1300000,SVK,77,212,2.0,46.0,25,5,TOR,2,0,0,-2,2,50,2001,0,1,0,177,3,22,-8,84,3182
Justin Holl,650000,USA,75,205,2.0,54.0,26,1,TOR,2,2,0,5,0,53,2083,2,0,0,2,2,0,5,0,35
David Schlemko,2250000,CAN,73,189,,,30,10,MTL,37,1,4,3,6,910,40104,38,3,2,397,18,74,10,120,6829
Jason Zucker,2000000,USA,71,187,2.0,59.0,26,7,MIN,82,33,31,8,44,1686,83448,222,22,20,330,97,75,32,124,5037
Tyler Toffoli,4400000,CAN,72,197,2.0,47.0,25,6,LAK,82,24,23,9,16,1794,79304,251,8,20,375,108,114,99,107,5817
Ryan Spooner,2825000,CAN,70,187,2.0,45.0,26,6,BOS,59,13,28,6,4,1127,54133,107,2,9,273,45,113,-9,61,3966
Johan Larsson,1400000,SWE,71,198,2.0,56.0,25,6,BUF,80,4,13,-30,49,1584,67751,86,19,15,258,26,39,-41,127,3789
Mark Alt,650000,USA,76,201,2.0,53.0,26,2,PHI,15,0,0,-1,2,255,11204,11,1,1,16,0,0,-2,2,196
Stephen Johns,800000,USA,76,221,2.0,60.0,25,3,DAL,75,8,7,10,41,1854,78951,121,15,3,150,13,15,-6,83,2679
Greg McKegg,650000,CAN,72,191,3.0,62.0,25,5,PIT,26,2,2,-4,8,385,15100,21,4,2,91,7,6,-6,32,862
Connor Brickley,750000,USA,72,203,2.0,50.0,25,2,FLA,44,4,8,-6,19,756,31392,62,8,4,67,5,12,-5,33,724
Jordan Weal,1750000,CAN,70,179,3.0,70.0,25,3,PHI,69,8,13,-10,12,1221,53613,102,5,8,106,16,17,-4,24,1354
Michael Bournival,650000,CAN,71,198,3.0,71.0,25,4,TBL,5,0,0,0,0,66,2804,5,0,0,113,12,10,-6,24,1087
Markus Nutivaara,842500,FIN,73,191,7.0,189.0,23,2,CBJ,61,7,16,13,14,1280,58664,79,7,5,127,9,21,20,20,1850
Kevin Bieksa,4000000,CAN,73,197,5.0,151.0,36,13,ANA,59,0,8,-13,83,1251,63786,66,30,12,808,63,215,2,1124,17453
Evgeny Kuznetsov,10000000,RUS,74,204,1.0,26.0,25,5,WSH,79,27,56,3,48,1600,89168,187,24,16,340,80,185,56,156,5600
Charlie Coyle,3500000,USA,75,221,1.0,28.0,25,6,MIN,66,11,26,8,18,1355,65471,117,9,17,419,81,133,31,170,6827
Patrik Nemeth,945000,SWE,75,219,2.0,41.0,25,5,COL,68,3,12,27,41,1677,81014,73,18,8,176,3,26,19,81,3042
Jonathon Merrill,1275000,USA,75,205,2.0,38.0,25,5,VGK,34,1,2,7,22,693,32815,30,11,1,250,7,32,-34,110,4644
Tyler Pitlick,1000000,USA,74,200,2.0,31.0,26,4,DAL,80,14,13,9,34,1718,65662,129,16,15,138,25,16,4,44,1703
Cody McLeod,1250000,CAN,74,210,,,33,11,NSH,48,1,3,-11,111,536,21264,36,24,8,738,71,55,-46,1563,7522
Brock Nelson,3500000,USA,75,212,1.0,30.0,26,5,NYI,82,19,16,-4,43,1502,72464,138,20,18,398,99,89,-17,145,6085
Alexander Petrovic,1850000,CAN,76,206,2.0,36.0,25,6,FLA,67,2,11,-2,98,1278,58920,60,28,4,228,5,43,5,334,3725
Devante Smith-Pelly,650000,CAN,72,223,2.0,42.0,25,7,WSH,75,7,9,-6,38,1157,55570,103,12,9,341,40,53,-35,122,4379
Mike Blunden,750000,CAN,76,217,2.0,43.0,31,11,OTT,1,0,0,0,0,10,391,1,0,0,127,7,6,-6,145,1111
Nick Bjugstad,3850000,USA,78,218,1.0,19.0,25,6,FLA,82,19,29,5,41,1693,74389,230,19,14,362,82,97,-51,160,5583
Beau Bennett,650000,USA,74,195,1.0,20.0,26,6,STL,6,0,0,-2,0,92,3889,6,0,0,200,24,40,-2,52,2561
Derek Forbort,650000,USA,76,215,1.0,15.0,25,3,LAK,78,1,17,18,49,2077,97288,78,23,10,174,4,34,25,120,3426
Kevin Hayes,2600000,USA,77,217,1.0,24.0,25,4,NYR,76,25,19,1,18,1802,79131,172,9,9,310,73,101,30,88,4687
Cam Fowler,4000000,USA,73,215,1.0,12.0,26,8,ANA,67,8,24,3,28,1735,99911,122,14,6,561,53,196,-36,145,12932
Paul Stastny,7500000,USA,72,193,2.0,44.0,32,12,STL,82,16,37,1,18,1905,90059,159,9,13,824,220,426,19,384,15893
Austin Watson,1000000,USA,76,204,1.0,18.0,26,4,NSH,76,14,5,2,123,1373,56232,96,32,15,216,23,24,10,254,2540
Jaden Schwartz,5500000,CAN,70,190,1.0,14.0,25,7,STL,62,24,35,15,26,1486,72141,157,13,15,380,113,158,75,99,6658
Sidney Crosby,10900000,CAN,71,200,1.0,1.0,30,13,PIT,82,29,60,0,46,2106,101791,247,18,17,864,411,705,165,622,18028
Riley Sheahan,2075000,CAN,75,214,1.0,21.0,26,7,DET,81,11,21,4,8,1735,71291,109,4,14,365,49,81,-28,60,5395
Jack Johnson,5000000,USA,73,227,1.0,3.0,31,12,CBJ,77,3,8,-6,22,1920,90304,88,11,4,788,66,212,-109,454,18025
Benoit Pouliot,1150000,CAN,75,200,1.0,4.0,31,12,BUF,74,13,6,-8,22,1462,60751,83,11,10,625,130,133,25,371,8517
Andrej Sustr,1950000,CZE,79,220,,,27,6,TBL,44,2,5,-5,18,713,33895,45,9,1,318,10,53,-3,141,5244
Chris Wagner,650000,USA,72,198,5.0,122.0,26,4,ANA,79,7,9,-10,37,1444,62938,93,17,19,174,17,12,-12,73,1924
Anze Kopitar,13000000,SVN,75,224,1.0,11.0,30,12,LAK,82,35,57,21,20,2143,108658,200,10,18,922,290,538,90,248,19294
Jussi Jokinen,1100000,FIN,72,191,6.0,192.0,34,13,EDM,60,5,12,2,12,1024,41672,73,6,6,951,191,372,7,377,15000
Brooks Laich,606100,CAN,74,200,6.0,193.0,34,13,LAK,12,0,1,-5,6,206,8059,10,3,1,776,134,198,-19,307,11948
Jeff Skinner,6000000,CAN,71,200,1.0,7.0,25,8,CAR,82,24,25,-27,34,1745,82203,277,17,27,579,204,175,-95,268,9903
Zach Hyman,2000000,CAN,73,213,5.0,123.0,25,3,TOR,82,15,25,22,37,1981,85400,149,17,18,180,29,45,24,85,3043
Martin Hanzal,5250000,CZE,78,230,1.0,17.0,30,11,DAL,38,5,5,-14,23,817,32168,62,10,7,666,126,210,-39,570,11810
Alexander Burmistrov,900000,RUS,73,180,1.0,8.0,26,6,VAN,24,2,4,-5,12,390,17247,18,6,3,348,37,64,-31,139,5184
Deryk Engelland,1000000,CAN,74,214,6.0,194.0,35,9,VGK,79,5,18,6,24,1972,96128,108,12,7,548,27,82,1,524,8711
Erik Gudbranson,3500000,CAN,77,220,1.0,3.0,26,7,VAN,52,2,3,-7,35,1252,57473,53,9,3,391,14,40,-70,399,7060
Conor Sheary,3000000,USA,68,175,,,25,3,PIT,79,18,12,2,10,1513,66110,142,5,13,184,48,45,25,40,2503
Brett Connolly,1500000,CAN,75,195,1.0,6.0,25,7,WSH,70,15,12,-6,30,1053,50412,67,11,4,346,57,52,-1,172,4098
Ryan Johansen,8000000,CAN,75,218,1.0,4.0,25,7,NSH,79,15,39,13,78,1921,87921,129,29,17,512,116,226,8,318,8958
T.J. Oshie,8000000,USA,71,195,1.0,24.0,31,10,WSH,74,18,29,2,31,1541,81747,127,14,21,665,187,277,117,340,12362
Brendan Gaunce,700000,CAN,74,217,1.0,26.0,23,3,VAN,37,4,2,0,10,706,29548,55,5,6,114,5,7,-11,45,1289
Mark Pysyk,1950000,CAN,73,200,1.0,23.0,26,6,FLA,82,3,13,-8,20,2118,92305,106,10,15,289,12,47,-23,80,5235
Trevor van Riemsdyk,900000,USA,74,188,,,26,4,CAR,79,3,13,9,20,1742,80818,111,10,6,237,11,36,21,82,4297
Ryan Carpenter,650000,USA,72,200,,,27,3,SJS,52,9,6,1,11,882,39310,85,4,4,64,11,8,6,15,777
Nino Niederreiter,4600000,CHE,74,216,1.0,5.0,25,7,MIN,63,18,14,14,36,1146,56705,133,18,17,452,103,105,24,217,6440
Christian Folin,850000,SWE,75,204,,,26,5,LAK,65,3,10,1,30,1346,61063,58,12,9,183,7,29,16,80,2786
Jordan Oesterle,650000,USA,72,182,,,25,4,CHI,55,5,10,-11,8,1412,67701,99,4,7,80,5,16,-15,8,1620
Marc-Edouard Vlasic,4250000,CAN,73,205,2.0,35.0,30,12,SJS,81,11,21,9,34,2142,109586,161,5,6,893,64,222,138,382,19706
Taylor Chorney,825000,USA,72,193,2.0,36.0,30,8,WSH,25,1,3,10,8,442,19707,14,4,1,166,4,18,-6,56,2420
Joakim Nordstrom,1300000,SWE,73,189,3.0,90.0,25,5,CAR,75,2,5,-11,6,1245,47573,97,3,7,282,20,29,-29,41,3549
Michael Chaput,687500,CAN,74,204,3.0,89.0,25,5,VAN,9,0,0,-4,5,148,5285,2,1,1,135,6,11,-21,62,1397
Johnny Oduya,1000000,SWE,72,191,7.0,221.0,36,12,OTT,52,4,4,1,32,1269,53383,59,16,4,850,41,149,63,372,16913
Bryan Rust,660000,USA,71,192,3.0,80.0,25,4,PIT,69,13,25,11,26,1606,66443,123,13,26,181,33,46,13,50,2565
Justin Abdelkader,5000000,USA,74,214,2.0,42.0,30,11,DET,75,13,22,-11,78,1662,74479,110,29,16,619,100,130,-28,545,9352
Adam McQuaid,3000000,CAN,76,212,2.0,55.0,31,9,BOS,38,1,3,-1,62,834,35803,39,18,1,462,13,53,60,652,7533
Joonas Donskoi,1900000,FIN,72,190,4.0,99.0,25,3,SJS,66,14,18,10,26,1387,59293,129,13,17,203,31,54,9,56,2906
Brendan Gallagher,2750000,CAN,69,181,5.0,147.0,25,6,MTL,82,31,23,-13,34,1730,79494,278,17,28,406,118,121,39,234,6433
Keith Yandle,7500000,USA,73,196,4.0,105.0,31,12,FLA,82,8,48,7,35,2410,120486,179,16,15,825,85,381,-31,494,17807
Tom Kuhnhackl,660000,DEU,74,196,4.0,110.0,26,3,PIT,69,2,6,-6,6,1047,41489,63,3,8,168,11,28,5,48,1811
Marcus Sorensen,700000,SWE,71,175,4.0,106.0,25,2,SJS,32,5,2,-5,5,487,19486,25,1,8,51,6,5,-6,9,530
Valtteri Filppula,5000000,FIN,72,196,3.0,95.0,33,13,PHI,81,11,22,-7,20,1792,80077,71,10,11,876,168,295,20,294,15015
Cody Franson,1000000,CAN,77,224,3.0,79.0,30,9,CHI,23,1,6,-1,8,524,22930,51,4,3,550,43,169,-10,202,9647
Vladimir Sobotka,4000000,CZE,70,184,4.0,106.0,30,9,STL,81,11,20,-6,50,1850,83224,136,23,20,463,47,108,-4,332,6740
Tim Heed,650000,SWE,72,185,5.0,132.0,27,2,SJS,29,3,8,0,8,569,27874,51,4,1,30,3,8,0,8,481
Kenny Agostino,875000,USA,72,202,5.0,140.0,25,4,BOS,5,0,1,-1,4,79,3613,11,2,1,22,2,4,-5,6,265
Robert Bortuzzo,1150000,CAN,76,216,3.0,78.0,28,7,STL,72,4,9,11,41,1557,63947,76,18,5,276,12,30,16,304,4003
Zach Aston-Reese,925000,USA,72,204,,,23,1,PIT,16,4,2,2,2,272,10921,20,1,2,16,4,2,2,2,182
Daniel Carr,725000,CAN,72,193,,,26,3,MTL,38,6,10,2,8,606,27665,52,4,5,94,14,20,6,22,1077
Jesper Fast,1750000,SWE,72,191,6.0,157.0,26,5,NYR,71,13,20,-10,26,1564,63396,80,13,18,287,35,63,-1,70,3984
Chris Butler,650000,USA,73,196,4.0,96.0,31,10,STL,6,0,0,1,2,103,4790,2,1,0,394,13,71,-30,187,7464
Oliver Ekman-Larsson,6500000,SWE,74,200,1.0,6.0,26,8,ARI,82,14,28,-28,44,2398,116515,202,22,23,576,102,188,-73,360,13623
Jared Boll,900000,USA,75,206,4.0,101.0,31,11,ANA,10,1,0,0,16,73,2655,4,5,0,579,28,38,-52,1298,4382
Tom Pyatt,1000000,CAN,71,185,4.0,107.0,30,7,OTT,81,7,15,-12,10,1645,68302,103,5,12,408,43,56,-25,69,5500
Niklas Hjalmarsson,4000000,SWE,75,197,4.0,108.0,30,11,ARI,48,1,8,-3,18,1309,59610,32,9,8,671,24,128,106,256,13731
Garnet Hathaway,650000,USA,74,208,,,26,3,CGY,59,4,9,3,88,905,40826,68,27,17,99,5,16,2,163,1086
Anthony Bitetto,650000,USA,73,210,6.0,168.0,27,4,NSH,32,1,2,-1,27,596,25804,25,12,5,96,2,14,-3,78,1195
Brandon Davidson,1550000,CAN,74,208,6.0,162.0,26,4,MTL,51,4,3,-13,23,1137,51464,63,10,7,152,9,13,-13,63,2616
Frederick Gaudreau,650000,CAN,72,179,,,24,2,NSH,20,0,3,0,2,274,10993,14,1,4,29,0,4,1,2,261
Vinni Lettieri,925000,USA,71,195,,,22,1,NYR,19,1,4,-12,0,325,13744,28,0,3,19,1,4,-12,0,229
Jaromir Jagr,1000000,CZE,75,230,1.0,5.0,45,24,CGY,22,1,6,6,10,350,17220,32,5,1,1733,766,1155,322,1167,23397
Melker Karlsson,2000000,SWE,72,180,,,27,4,SJS,71,8,11,-5,26,1437,56439,76,13,11,256,42,42,4,84,3495
Freddie Hamilton,650000,CAN,73,195,5.0,129.0,26,5,CGY,16,0,1,0,2,208,8621,12,1,1,75,4,2,-9,12,699
Kevin Gravel,650000,USA,76,212,5.0,148.0,25,3,LAK,16,0,3,-3,2,292,13472,20,1,1,70,1,9,0,8,976
Kailer Yamamoto,925000,USA,68,154,1.0,22.0,19,1,EDM,9,0,3,-2,2,166,8186,23,1,4,9,0,3,-2,2,136
Pierre-Edouard Bellemare,1450000,FRA,72,198,,,32,4,VGK,72,6,10,5,14,1183,53254,92,7,9,309,23,27,-7,79,3995
Tomas Nosek,650000,CZE,75,210,,,25,3,VGK,67,7,8,6,14,1004,44590,92,7,10,84,8,8,3,18,915
Aaron Ekblad,9000000,CAN,76,216,1.0,1.0,21,4,FLA,82,16,22,9,71,2376,115074,189,31,9,309,53,81,16,202,6835
Sam Reinhart,832500,CAN,73,192,1.0,2.0,22,4,BUF,82,25,25,-24,26,1718,84139,188,13,21,249,65,75,-44,44,4186
Leon Draisaitl,9000000,DEU,74,215,1.0,3.0,22,4,EDM,78,25,45,-7,30,1759,90419,194,15,19,269,75,132,-19,74,4825
Sam Bennett,1950000,CAN,73,200,1.0,4.0,21,4,CGY,82,11,15,-18,59,1497,70850,157,28,20,241,42,47,-46,171,3577
Michael Dal Colle,832500,CAN,75,204,1.0,5.0,21,1,NYI,4,0,0,0,0,61,3205,1,0,0,4,0,0,0,0,53
Jake Virtanen,832500,CAN,73,229,1.0,6.0,21,3,VAN,75,10,10,-11,46,1384,53939,130,19,16,140,17,17,-17,93,1636
Haydn Fleury,832500,CAN,75,221,1.0,7.0,21,1,CAR,67,0,8,-2,14,1448,67516,86,7,3,67,0,8,-2,14,1125
William Nylander,832500,SWE,72,191,1.0,8.0,21,3,TOR,82,20,41,20,10,1869,82107,184,5,18,185,48,87,18,46,3025
Nikolaj Ehlers,832500,DNK,72,172,1.0,9.0,21,3,WPG,82,29,31,14,26,1718,79116,231,13,28,236,69,93,18,85,3912
Nick Ritchie,832500,CAN,74,234,1.0,10.0,22,3,ANA,76,10,17,3,72,1394,60110,122,29,13,186,26,33,5,171,2390
Kevin Fiala,832500,CHE,70,193,1.0,11.0,21,4,NSH,80,23,25,20,26,1604,72709,187,13,28,140,35,30,20,44,2019
Brendan Perlini,832500,GBR,75,211,1.0,12.0,21,2,ARI,74,17,13,-2,28,1497,64432,129,10,7,131,31,20,-6,48,1920
Jakub Vrana,832500,CZE,72,197,1.0,13.0,21,2,WSH,73,13,14,2,12,1140,54744,133,6,16,94,16,17,4,14,1146
Julius Honka,832500,FIN,71,186,1.0,14.0,22,2,DAL,42,1,3,-1,14,812,32783,42,6,4,58,2,7,-5,18,816
Dylan Larkin,925000,USA,73,198,1.0,15.0,21,3,DET,82,16,47,-9,61,2076,97630,232,29,25,242,56,84,-26,132,4243
Sonny Milano,832500,USA,72,195,1.0,16.0,21,3,CBJ,55,14,8,-8,10,870,38444,69,5,9,62,14,9,-10,10,728
Nathan Gerbe,750000,USA,64,176,5.0,142.0,30,9,CBJ,2,0,0,-1,0,25,1032,1,0,0,396,58,80,-22,172,5803
Alex Tuch,925000,USA,76,222,1.0,18.0,21,2,VGK,78,15,22,3,27,1366,71382,171,12,4,84,15,22,0,27,1254
Zach Trotman,650000,USA,75,217,7.0,210.0,27,4,PIT,3,0,0,-3,0,57,2301,6,0,0,70,3,9,-2,22,1216
Casey Mittelstadt,925000,USA,73,201,1.0,8.0,19,1,BUF,6,1,4,1,2,122,5047,9,1,1,6,1,4,1,2,84
Kasperi Kapanen,832500,FIN,73,187,1.0,22.0,21,3,TOR,38,7,2,-1,4,642,25640,55,2,4,55,8,2,-6,6,646
John Klingberg,3500000,SWE,74,177,5.0,131.0,25,4,DAL,82,8,59,10,26,2272,118447,204,12,11,303,42,172,39,122,6987
Cal O'Reilly,700000,CAN,72,188,5.0,150.0,31,7,MIN,1,0,0,0,0,12,496,1,0,0,145,16,33,-11,14,1944
David Pastrnak,8000000,CZE,72,188,1.0,25.0,21,4,BOS,82,35,45,10,37,1739,88392,246,16,31,254,94,109,36,99,4176
Nikita Scherbak,832500,RUS,74,192,1.0,26.0,22,2,MTL,26,4,2,-5,8,461,20869,39,4,5,29,5,2,-4,8,382
Nikolay Goldobin,832500,RUS,71,185,1.0,27.0,22,3,VAN,38,8,6,-14,6,688,28120,50,3,3,61,12,7,-13,6,729
Joshua Ho-Sang,832500,CAN,72,173,1.0,28.0,22,2,NYI,22,2,10,-7,2,375,18849,18,1,9,43,6,16,-6,14,660
Adrian Kempe,925000,SWE,74,195,1.0,29.0,21,2,LAK,81,16,21,11,49,1606,64789,119,22,9,106,18,25,8,55,1386
John Quenneville,842500,CAN,73,195,1.0,30.0,21,2,NJD,2,0,0,-3,0,33,1595,5,0,0,14,1,3,-2,2,191
Brendan Lemieux,892500,USA,73,210,2.0,31.0,21,1,WPG,9,1,0,2,21,105,4288,6,5,4,9,1,0,2,21,71
Ivan Barbashev,650000,RUS,72,187,2.0,33.0,22,2,STL,53,7,6,-1,4,865,38788,45,2,5,83,12,13,4,6,1000
Owen Tippett,925000,CAN,73,200,1.0,10.0,18,1,FLA,7,1,0,-6,0,115,4669,17,0,0,7,1,0,-6,0,78
Marcus Pettersson,825000,SWE,76,180,2.0,38.0,21,1,ANA,22,1,3,5,6,371,17963,16,3,1,22,1,3,5,6,299
Andreas Englund,792500,SWE,75,189,2.0,40.0,22,2,OTT,1,0,0,1,0,16,681,0,0,0,6,0,0,-2,2,65
Vladislav Kamenev,925000,RUS,74,194,2.0,42.0,21,2,COL,3,0,0,-2,0,37,1588,1,0,0,5,0,0,-3,2,47
Roland McKeown,767500,CAN,73,195,2.0,50.0,22,1,CAR,10,0,3,3,19,181,8046,7,4,1,10,0,3,3,19,134
Nathan Walker,650000,AUS,69,186,3.0,89.0,23,1,WSH,9,1,0,0,6,120,5101,6,3,4,9,1,0,0,6,85
Brandon Montour,925000,CAN,72,192,2.0,55.0,23,2,ANA,80,9,23,16,42,1811,98255,160,20,15,107,11,27,27,56,2107
Ryan Donato,875000,USA,72,181,2.0,56.0,21,1,BOS,12,5,4,2,2,212,10581,24,1,2,12,5,4,2,2,176
Christian Dvorak,892500,USA,72,195,2.0,58.0,21,2,ARI,78,15,22,-19,22,1828,76909,151,11,10,156,30,40,-12,44,2500
Martin Necas,925000,CZE,73,167,1.0,12.0,19,1,CAR,1,0,0,0,0,13,414,0,0,0,1,0,0,0,0,7
Dominic Turgeon,742500,CAN,74,200,3.0,63.0,21,1,DET,5,0,0,-2,2,66,2770,3,1,0,5,0,0,-2,2,46
Marek Hrivik,650000,SVK,74,197,,,26,3,CGY,3,0,0,1,0,35,1531,2,0,0,24,0,3,1,2,246
Warren Foegele,730000,CAN,74,190,3.0,67.0,21,1,CAR,2,2,1,3,0,35,1431,6,0,0,2,2,1,3,0,24
Brett Lernout,650000,CAN,76,214,3.0,73.0,22,3,MTL,18,0,1,-5,6,405,18063,14,3,0,21,0,1,-6,6,346
Mark Letestu,1800000,CAN,70,195,,,32,9,EDM,80,9,14,-17,10,1454,61671,111,5,1,558,93,117,-48,90,8096
Louis Belpedio,925000,USA,71,193,3.0,80.0,21,1,MIN,1,0,2,1,0,21,947,0,0,0,1,0,2,1,0,16
Anton Stralman,4500000,SWE,71,190,7.0,216.0,31,11,TBL,80,4,14,29,18,2055,103137,131,9,11,702,45,180,60,243,13880
Michael Amadio,742500,CAN,73,204,3.0,90.0,21,1,LAK,37,4,4,-2,8,487,20671,28,4,3,37,4,4,-2,8,345
Antoine Roussel,2400000,FRA,71,195,,,28,6,DAL,73,5,12,1,126,1453,54451,85,38,30,413,64,77,-5,806,5556
Lias Andersson,925000,SWE,72,204,1.0,7.0,19,1,NYR,7,1,1,1,0,119,5017,5,0,1,7,1,1,1,0,84
Lucas Wallmark,725000,SWE,72,176,4.0,97.0,22,2,CAR,11,1,0,-4,2,168,6266,16,1,1,19,1,2,-3,4,191
Ben Lovejoy,2750000,USA,73,205,,,33,10,NJD,57,2,6,7,25,1346,56738,74,11,3,473,18,74,52,250,8576
Erik Burgdoerfer,650000,USA,73,207,,,29,2,OTT,2,0,1,2,0,38,1610,2,0,0,4,0,1,1,0,49
Patric Hornqvist,4750000,SWE,71,189,7.0,230.0,31,10,PIT,70,29,20,2,58,1576,72756,247,25,22,649,203,208,80,333,10493
Justin Kloos,792500,USA,69,180,,,24,1,MIN,1,0,0,0,2,13,519,0,1,0,1,0,0,0,2,9
Viktor Arvidsson,4250000,SWE,69,180,4.0,112.0,24,4,NSH,78,29,32,20,36,1877,83062,247,18,21,220,68,70,28,99,3513
Danton Heinen,925000,CAN,73,185,4.0,116.0,22,2,BOS,77,16,31,10,16,1461,69402,135,8,13,85,16,31,7,18,1263
Nolan Patrick,925000,CAN,74,198,1.0,2.0,19,1,PHI,73,13,17,1,30,1384,60115,127,14,16,73,13,17,1,30,1002
Gustav Forsling,925000,SWE,72,186,5.0,126.0,21,2,CHI,41,3,10,-2,8,1144,47124,82,4,8,79,5,13,1,12,1349
Tyson Barrie,5250000,CAN,70,190,3.0,64.0,26,7,COL,68,14,43,-15,22,1774,92604,178,10,10,406,61,187,-56,127,8841
Alex Iafallo,925000,USA,72,185,,,24,1,LAK,75,9,16,10,12,1487,67966,129,6,16,75,9,16,10,12,1133
Oskar Lindblom,925000,SWE,73,191,5.0,138.0,21,1,PHI,23,2,4,4,8,452,20128,36,4,1,23,2,4,4,8,335
Andrew Crescenzi,650000,CAN,77,207,,,25,1,LAK,2,0,0,0,2,28,943,0,1,0,2,0,0,0,2,16
Dennis Rasmussen,725000,SWE,75,192,,,27,3,ANA,27,1,3,4,8,360,14431,19,4,1,139,9,12,9,24,1448
Anton Lindholm,742500,SWE,71,191,5.0,144.0,23,2,COL,48,0,4,4,14,899,37927,22,7,3,60,0,4,-4,16,809
Anders Bjork,925000,USA,72,186,5.0,146.0,21,1,BOS,30,4,8,2,6,490,22225,30,3,4,30,4,8,2,6,370
Alexander Nylander,925000,CAN,73,192,1.0,8.0,19,2,BUF,3,1,0,-3,0,54,2315,2,0,0,7,1,1,-5,0,88
Alex Killorn,4450000,CAN,73,196,3.0,77.0,28,6,TBL,82,15,32,22,45,1699,81170,156,21,13,435,87,134,37,268,7388
Karl Alzner,6000000,CAN,75,217,1.0,5.0,29,10,MTL,82,1,11,-7,40,2227,98796,84,17,9,673,20,109,54,217,13585
Justin Falk,650000,CAN,77,223,4.0,110.0,29,9,BUF,46,1,1,-16,28,1064,44404,36,10,7,269,3,30,-59,208,3966
Jamie Benn,13000000,CAN,74,209,5.0,129.0,28,9,DAL,82,36,43,20,54,2367,97529,241,24,17,667,254,342,37,504,12494
Jakub Jerabek,925000,CZE,71,200,,,26,1,MTL,36,2,6,-2,6,774,35253,33,3,3,36,2,6,-2,6,588
David Kampf,925000,CZE,74,195,,,23,1,CHI,46,4,7,-9,12,855,35327,46,6,9,46,4,7,-9,12,589
Neal Pionk,925000,USA,72,190,,,22,1,NYR,28,1,13,-1,12,807,37611,54,6,2,28,1,13,-1,12,627
Oscar Fantenberg,925000,SWE,72,210,,,26,1,LAK,27,2,7,2,11,523,23105,33,4,2,27,2,7,2,11,385
Dan Girardi,3250000,CAN,73,212,,,33,12,TBL,77,6,12,18,27,1833,80320,93,12,7,865,52,196,72,302,18870
Samuel Blais,722500,CAN,74,205,6.0,176.0,21,1,STL,11,1,2,1,6,154,7110,9,3,1,11,1,2,1,6,119
Nick Bonino,4100000,USA,73,196,6.0,173.0,29,9,NSH,71,12,13,4,20,1673,66608,83,10,12,478,87,125,28,137,7395
Dylan Sikura,925000,CAN,71,158,6.0,178.0,22,1,CHI,5,0,3,2,0,81,4020,9,0,0,5,0,3,2,0,67
Ian Cole,2500000,USA,73,219,1.0,18.0,28,8,PIT,67,5,15,14,76,1587,71457,84,35,13,405,20,77,75,356,7017
Andreas Borgman,925000,SWE,72,212,,,22,1,TOR,48,3,8,4,28,958,39420,46,14,6,48,3,8,4,28,657
Christopher Didomenico,650000,CAN,71,174,6.0,164.0,28,2,OTT,24,6,4,-4,8,357,16972,23,4,2,27,6,4,-4,14,316
Philip Holm,925000,SWE,73,190,,,26,1,VAN,1,0,0,-2,0,21,912,0,0,0,1,0,0,-2,0,15
Henrik Haapala,925000,FIN,69,165,,,23,1,FLA,5,0,1,0,0,98,4110,3,0,0,5,0,1,0,0,69
Jim O'Brien,650000,USA,75,195,1.0,29.0,29,5,OTT,10,0,1,-1,0,129,5253,11,0,2,77,8,5,-4,16,860
Justin Braun,3800000,USA,74,205,7.0,201.0,30,8,SJS,81,5,28,7,28,2078,103656,115,14,9,529,22,116,38,191,10517
Jan Rutta,925000,CZE,75,200,,,27,1,CHI,57,6,14,-1,24,1558,65850,71,12,7,57,6,14,-1,24,1098
Darren Helm,4500000,CAN,72,196,5.0,132.0,31,11,DET,75,13,18,3,39,1693,70048,141,18,17,568,93,117,7,171,8346
Kevin Shattenkirk,8000000,USA,72,200,1.0,14.0,29,8,NYR,46,5,18,-14,44,1173,55951,94,20,9,536,73,248,3,348,11272
Shea Theodore,832500,CAN,74,195,1.0,26.0,22,3,VGK,61,6,23,5,14,1511,74489,144,7,8,114,11,35,6,44,2193
Kyle Criscuolo,650000,USA,68,170,,,25,1,BUF,9,0,0,-4,4,108,4328,5,2,0,9,0,0,-4,4,72
Patrick Maroon,2100000,USA,75,225,6.0,161.0,29,7,EDM,74,17,26,1,73,1477,73420,141,25,13,375,78,100,12,451,5398
Ondrej Kase,720000,CZE,72,185,7.0,205.0,22,2,ANA,66,20,18,18,14,1247,55133,146,7,17,119,25,28,17,32,1543
James van Riemsdyk,5000000,USA,75,217,1.0,2.0,28,9,TOR,81,36,18,1,30,1672,72385,248,15,6,609,201,192,-34,281,10144
Paul Byron,1200000,CAN,69,162,6.0,179.0,28,8,MTL,82,20,15,-4,23,1826,79337,115,10,22,363,70,74,13,104,5254
Sam Gagner,2750000,CAN,71,200,1.0,6.0,28,11,VAN,74,10,21,-18,35,1560,67093,164,16,11,770,152,281,-109,354,12639
Matthew Highmore,742500,CAN,71,181,,,21,1,CHI,13,2,0,-4,0,212,9479,27,0,2,13,2,0,-4,0,158
Logan Couture,6000000,CAN,73,205,1.0,9.0,28,9,SJS,78,34,27,-2,18,1955,86802,204,9,11,582,213,224,57,149,10449
P.K. Subban,11000000,CAN,72,210,2.0,43.0,28,9,NSH,82,16,43,18,82,2323,118644,207,33,24,582,89,288,45,658,14248
Chris Tierney,735000,CAN,73,195,2.0,55.0,23,4,SJS,82,17,23,0,8,1863,78719,118,4,17,284,41,63,-13,40,4049
Anthony Peluso,650000,CAN,75,225,6.0,160.0,28,5,WSH,2,0,0,0,4,16,557,0,2,1,144,4,10,-3,213,852
Riley Nash,900000,CAN,73,190,1.0,21.0,28,7,BOS,76,15,26,16,18,1536,70266,113,9,15,399,53,86,-3,101,5615
Thomas Hickey,3100000,CAN,72,188,1.0,4.0,28,6,NYI,69,5,20,20,24,1568,74822,87,12,10,409,22,89,30,157,7395
Jeff Petry,6000000,USA,75,208,2.0,45.0,30,8,MTL,82,12,30,-30,28,2356,115595,178,14,11,527,44,122,-101,215,11523
Kyle Turris,4000000,CAN,73,190,1.0,3.0,28,10,OTT,76,16,35,19,26,1645,75761,145,13,17,609,149,213,24,274,10494
Brian Lashoff,650000,USA,75,219,,,27,5,DET,1,0,0,0,0,5,242,0,0,0,123,2,11,-11,57,1846
Paul Postma,725000,CAN,75,195,7.0,205.0,28,8,BOS,14,0,1,-2,2,209,8590,14,1,0,205,10,25,-5,51,2609
Sebastian Aho,742500,SWE,70,170,5.0,139.0,21,1,NYI,22,1,3,-5,6,434,21444,24,3,4,22,1,3,-5,6,357
Joe Hicketts,650000,CAN,68,180,,,21,1,DET,5,0,3,5,2,112,5204,2,1,3,5,0,3,5,2,87
Brad Malone,650000,CAN,73,213,4.0,105.0,28,6,EDM,7,0,0,0,6,86,3355,9,3,1,183,13,17,-29,194,1681
Brendan Smith,5000000,CAN,74,211,1.0,27.0,28,7,NYR,44,1,7,2,69,1061,45322,66,26,19,353,17,62,4,379,6355
Brandon Sutter,4250000,CAN,75,191,1.0,11.0,28,10,VAN,61,11,15,8,8,1525,63375,106,4,15,657,131,123,-1,116,10830
Mattias Ekholm,3500000,SWE,76,215,4.0,102.0,27,7,NSH,81,10,24,25,46,2306,114586,135,23,19,390,29,90,45,186,8097
Colton Sceviour,950000,CAN,72,195,4.0,112.0,28,7,FLA,76,11,13,6,24,1444,61284,141,9,6,326,48,62,-8,87,4391
Anthony DeAngelo,832500,USA,71,181,1.0,19.0,22,2,NYR,32,0,8,-18,11,711,31794,68,4,3,71,5,17,-31,48,1197
David Perron,3750000,CAN,72,200,1.0,26.0,29,11,VGK,70,16,50,1,50,1429,74795,126,25,25,722,175,269,2,550,12011
Luke Kunin,925000,USA,72,193,1.0,15.0,20,1,MIN,19,2,2,-3,13,336,14795,32,4,3,19,2,2,-3,13,247
Nick Schmaltz,925000,USA,72,177,1.0,20.0,21,2,CHI,78,21,31,1,18,1789,85322,118,9,14,139,27,53,11,24,2231
Chris Kelly,1250000,CAN,72,190,3.0,94.0,37,14,ANA,12,0,2,1,2,156,5516,5,1,1,845,123,168,40,417,12270
Dryden Hunt,817500,CAN,72,197,,,22,1,FLA,11,0,1,-5,2,177,6971,12,1,2,11,0,1,-5,2,116
Sami Vatanen,5000000,FIN,70,185,4.0,106.0,26,6,ANA,72,4,28,-7,40,2001,96773,145,20,14,337,36,118,21,148,7066
Taylor Fedun,650000,CAN,73,201,,,29,5,BUF,7,0,1,-1,2,150,6167,8,1,0,46,2,13,2,22,650
Carl Gunnarsson,2900000,SWE,74,198,7.0,194.0,31,9,STL,63,5,4,15,22,1424,61107,59,11,8,556,25,97,41,151,10285
Matt Read,3500000,CAN,70,185,,,31,7,PHI,19,1,0,-2,2,289,12428,16,1,1,437,87,100,2,81,7201
Mario Kempe,650000,SWE,72,185,5.0,122.0,29,1,ARI,18,2,2,-1,4,317,11975,20,2,2,18,2,2,-1,4,200
Yannick Weber,650000,CHE,71,200,3.0,73.0,29,10,NSH,47,2,3,2,16,811,34002,40,8,2,394,25,58,-31,163,5798
Rick Nash,8200000,CAN,76,211,1.0,1.0,33,15,NYR,71,21,13,-12,28,1725,72654,230,14,25,1060,437,368,-11,750,19428
Patrick Kane,13800000,USA,71,177,1.0,1.0,29,11,CHI,82,27,49,-20,32,1872,99318,285,15,21,822,312,516,59,316,16227
Kevan Miller,2500000,USA,74,210,,,30,5,BOS,68,1,15,16,70,1730,79392,64,20,11,285,12,48,72,226,5269
Derek MacKenzie,1650000,CAN,71,181,5.0,128.0,36,15,FLA,75,3,11,-9,31,1309,50886,86,11,5,610,51,74,-7,337,6843
Cory Conacher,650000,CAN,68,180,,,28,5,TBL,36,8,4,0,24,521,21588,45,12,14,188,28,46,1,112,2368
Evgeni Dadonov,4650000,RUS,71,185,3.0,71.0,28,4,FLA,74,28,37,10,8,1669,83023,188,4,11,129,38,47,5,24,2101
Mikael Backlund,3575000,SWE,73,199,1.0,24.0,28,10,CGY,82,14,31,-21,78,1868,93593,214,30,9,543,108,165,-4,257,8962
Ryan McDonagh,5100000,USA,73,215,1.0,12.0,28,8,NYR,63,4,25,8,20,1831,88179,99,10,10,530,53,188,142,221,12453
Max Pacioretty,5000000,USA,74,206,1.0,22.0,29,10,MTL,64,17,20,-16,30,1503,73007,212,15,10,626,226,222,36,339,11038
Brian Gibbons,650000,USA,68,175,,,29,3,NJD,59,12,14,10,20,1144,51084,72,10,10,125,17,31,17,34,1687
Jakub Voracek,10000000,CZE,74,214,1.0,7.0,28,10,PHI,82,20,65,10,50,1946,95729,228,24,29,768,175,398,-2,407,13191
Jake Muzzin,4100000,CAN,75,213,5.0,141.0,28,7,LAK,74,8,34,10,40,2032,96131,154,20,2,446,47,145,14,265,9449
Alec Martinez,4000000,USA,73,208,4.0,95.0,30,9,LAK,77,9,16,3,34,2182,105625,111,17,3,496,57,115,34,160,9419
Mark Stone,4500000,CAN,76,219,6.0,178.0,25,6,OTT,58,20,42,9,10,1447,71942,132,5,14,307,95,154,42,93,5702
Jack Rodewald,690000,CAN,74,189,,,23,1,OTT,4,0,0,-1,2,41,1752,0,1,0,4,0,0,-1,2,29
Carl Hagelin,3667000,SWE,71,186,6.0,168.0,29,7,PIT,81,10,21,8,28,1864,77478,169,14,20,488,88,134,83,208,7652
Spencer Foo,925000,CAN,72,190,,,23,1,CGY,4,2,0,1,0,73,3805,16,0,2,4,2,0,1,0,63
Lars Eller,4750000,DNK,74,207,1.0,13.0,28,9,WSH,81,18,20,-6,38,1539,74361,161,19,21,604,103,116,-24,375,8818
Wayne Simmonds,4750000,CAN,74,185,2.0,61.0,29,10,PHI,75,24,22,-16,57,1700,81394,176,20,14,762,226,218,-46,958,12293
Scottie Upshall,800000,CAN,72,200,1.0,6.0,34,15,STL,63,7,12,-1,46,1050,41027,71,22,19,759,138,147,9,615,9845
Trevor Daley,4000000,CAN,71,195,2.0,43.0,34,14,DET,77,9,7,-5,36,2215,95616,103,18,6,971,87,207,17,616,20077
Nick Holden,1800000,CAN,76,214,,,30,7,NYR,73,4,13,-5,14,1862,83247,80,7,5,374,36,76,9,123,7488
Nazem Kadri,5000000,CAN,72,190,1.0,7.0,27,9,TOR,80,32,23,2,42,1840,80445,211,18,27,488,145,168,-25,344,8273
Kyle Capobianco,742500,CAN,73,196,3.0,63.0,20,1,ARI,1,0,0,-1,0,21,813,0,0,0,1,0,0,-1,0,14
Victor Hedman,8000000,SWE,78,223,1.0,2.0,27,9,TBL,77,17,46,32,54,2117,119430,216,27,15,626,82,282,65,485,14355
Jason Demers,5400000,CAN,73,195,7.0,186.0,29,9,ARI,69,6,14,-4,37,1959,87503,95,16,2,573,43,148,21,344,10970
Henrik Zetterberg,7000000,SWE,72,197,7.0,210.0,37,15,DET,82,11,45,1,14,1929,95924,180,7,10,1082,337,623,160,401,21186
Patrik Berglund,4700000,SWE,76,219,1.0,25.0,29,10,STL,57,17,9,-5,30,1248,55253,112,13,7,694,168,154,10,242,11017
Micheal Haley,800000,CAN,71,205,,,31,8,FLA,75,3,6,-13,212,895,35059,55,49,10,205,8,17,-19,562,1663
Alex Broadhurst,650000,USA,72,178,7.0,199.0,24,1,CBJ,2,0,0,0,2,25,1205,1,1,0,2,0,0,0,2,20
Matthew Peca,650000,CAN,68,178,7.0,201.0,24,2,TBL,10,2,3,6,0,184,8202,17,0,4,20,3,4,3,2,251
Frans Nielsen,6000000,DNK,73,188,3.0,87.0,33,12,DET,79,16,17,1,14,1848,75023,134,7,16,764,152,271,-14,144,12860
Ondrej Palat,5600000,CZE,72,188,7.0,208.0,26,6,TBL,56,11,24,16,6,1243,57107,109,3,18,363,85,168,102,109,6429
Scott Wilson,660000,CAN,71,183,7.0,209.0,25,4,PIT,69,6,8,-20,8,1177,50536,98,4,6,172,19,27,-20,52,1957
Jay Bouwmeester,5400000,CAN,76,206,1.0,3.0,34,15,STL,35,2,5,5,16,852,42287,45,8,1,1106,84,314,-20,575,27088
Zack Smith,3250000,CAN,74,208,3.0,79.0,29,10,OTT,68,5,14,-32,54,1499,68217,124,24,25,542,85,80,-42,612,8018
Trevor Murphy,690000,CAN,70,180,,,22,1,ARI,8,1,2,5,0,162,6833,5,0,1,8,1,2,5,0,114
Frank Corrado,650000,CAN,72,205,5.0,150.0,24,6,PIT,5,0,0,-1,2,89,3450,6,1,0,76,3,5,-24,40,1068
Rob O'Gara,925000,USA,76,215,5.0,151.0,24,2,BOS,30,0,3,-7,6,646,27923,21,3,4,33,0,3,-6,6,513
Matt Stajan,2500000,CAN,73,195,2.0,57.0,34,15,CGY,68,4,8,4,28,1030,44614,65,14,9,1003,146,267,-3,526,14678
Lukas Sedlak,800000,CZE,72,205,6.0,158.0,24,2,CBJ,53,4,4,-3,21,727,29893,50,9,11,115,11,10,7,46,1101
Josh Manson,825000,CAN,75,213,6.0,160.0,26,4,ANA,80,7,30,34,62,1907,97697,117,25,10,261,17,55,60,249,5005
Danick Martel,730000,CAN,68,162,,,23,1,PHI,4,0,0,-1,0,58,2452,6,0,0,4,0,0,-1,0,41
Frank Vatrano,842500,USA,69,201,,,23,3,BOS,41,7,3,3,34,650,26664,72,17,10,124,25,14,-3,62,1501
Chase Balisy,650000,USA,71,179,6.0,170.0,25,1,FLA,8,0,0,-2,0,123,4712,6,0,1,8,0,0,-2,0,79
Max McCormick,650000,USA,71,188,6.0,171.0,25,3,OTT,30,3,2,-5,37,362,15032,33,10,8,57,5,4,-12,74,507
Nikita Soshnikov,800000,RUS,71,185,,,24,3,TOR,15,1,1,-2,4,242,9916,17,2,6,82,8,8,-5,26,945
Josh Archibald,650000,CAN,70,176,6.0,174.0,25,3,PIT,42,5,6,-2,25,760,30102,42,7,6,53,8,6,1,29,615
Jakob Chychrun,925000,USA,74,210,1.0,16.0,19,2,ARI,50,4,10,2,16,1208,60750,102,7,4,118,11,23,-12,63,2146
Travis Boyd,650000,USA,71,185,6.0,177.0,24,1,WSH,8,0,1,2,2,100,4236,2,1,0,8,0,1,2,2,71
Dylan DeMelo,700000,CAN,73,195,6.0,179.0,24,3,SJS,63,0,20,-1,34,1245,53698,67,17,11,133,3,29,1,62,1905
Alex Formenton,742500,CAN,74,165,2.0,47.0,18,1,OTT,1,0,0,0,0,7,294,0,0,0,1,0,0,0,0,5
Iiro Pakarinen,725000,FIN,73,212,7.0,184.0,26,4,EDM,40,2,1,1,6,620,24464,50,3,2,134,10,13,-11,18,1382
Derick Brassard,3500000,CAN,73,202,1.0,6.0,30,11,OTT,72,21,25,0,34,1654,76605,197,17,13,716,162,266,-4,352,11815
Jay Beagle,1750000,CAN,75,218,,,32,10,WSH,79,7,15,3,16,1421,58995,65,8,5,471,51,65,11,159,5858
Tomas Hyka,710000,CZE,71,160,6.0,171.0,24,1,VGK,10,1,2,2,0,153,7232,15,0,3,10,1,2,2,0,121
Tyler Graovac,650000,CAN,77,208,7.0,191.0,24,4,WSH,5,0,0,-3,2,53,2022,1,1,1,62,7,2,3,12,596
Johnny Gaudreau,6750000,USA,69,157,4.0,104.0,24,5,CGY,80,24,60,2,26,1716,93234,227,9,36,312,97,191,11,64,5892
Noah Hanifin,925000,USA,75,206,1.0,5.0,21,3,CAR,79,10,22,-20,21,1861,89397,165,9,5,239,18,65,-53,69,4356
Rinat Valiev,750000,RUS,75,215,3.0,68.0,22,2,MTL,2,0,0,0,2,37,1417,2,1,0,12,0,0,0,2,146
Kyle Connor,925000,USA,73,182,1.0,17.0,21,2,WPG,76,31,26,8,16,1611,77096,192,8,10,96,33,29,1,20,1529
Radim Vrbata,2500000,CZE,73,194,7.0,212.0,36,16,FLA,42,5,9,-7,16,804,32521,88,8,4,1057,284,339,-19,294,17160
Colin White,925000,USA,72,183,1.0,21.0,21,14,OTT,21,2,4,1,8,375,16814,24,4,3,820,23,112,75,877,15993
Pavel Zacha,925000,CZE,75,210,1.0,6.0,20,3,NJD,69,8,17,-3,30,1298,59497,112,14,6,140,16,35,-16,49,2010
Connor McDavid,925000,CAN,73,192,1.0,1.0,21,3,EDM,82,41,67,20,26,1940,106034,275,9,35,209,87,169,46,70,4350
Jack Eichel,925000,USA,74,206,1.0,2.0,21,3,BUF,67,25,39,-25,32,1558,80976,246,12,22,209,73,104,-54,76,4114
Tobias Rieder,2450000,DEU,71,188,4.0,114.0,25,4,ARI,78,12,13,-12,6,1692,68573,114,3,11,312,55,62,-60,36,5164
Vince Dunn,742500,CAN,72,203,2.0,56.0,21,1,STL,75,5,19,1,20,1654,77539,138,10,8,75,5,19,1,20,1292
Travis Dermott,925000,CAN,72,208,2.0,34.0,21,1,TOR,37,1,12,16,8,821,35507,54,4,7,37,1,12,16,8,592
Jordan Greenway,900000,USA,78,226,2.0,50.0,20,1,MIN,6,0,1,0,0,90,4119,4,0,0,6,0,1,0,0,69
Timo Meier,925000,CHE,72,215,1.0,9.0,21,2,SJS,81,21,15,2,51,1656,72257,210,20,34,115,24,18,3,61,1628
Fredrik Claesson,650000,SWE,73,200,5.0,126.0,25,3,OTT,64,1,6,-7,35,1354,58920,60,8,5,113,4,16,-8,41,1724
Blake Pietila,660000,USA,71,200,5.0,129.0,24,3,NJD,2,0,0,0,0,23,1135,1,0,0,19,1,2,-5,6,234
Nick Seeler,742500,USA,74,200,5.0,131.0,24,1,MIN,22,0,4,10,21,423,19186,17,9,4,22,0,4,10,21,320
A.J. Greer,750000,CAN,75,204,2.0,39.0,21,2,COL,17,0,3,2,29,188,7541,13,9,5,22,0,4,0,33,194
Sean Kuraly,925000,USA,74,213,5.0,133.0,25,2,BOS,75,6,8,-5,40,1303,55120,134,17,16,83,6,9,-6,42,992
Brendan Guhle,742500,CAN,74,196,2.0,51.0,20,2,BUF,18,0,5,-6,10,450,19554,37,5,2,21,0,5,-5,10,375
Joe Thornton,8000000,CAN,76,220,1.0,1.0,38,20,SJS,47,13,23,-9,38,1077,51733,75,12,12,1493,397,1030,197,1194,28503
Sebastian Aho,925000,FIN,71,172,2.0,35.0,20,2,CAR,78,29,36,4,24,1731,83857,200,12,19,160,53,61,3,50,2774
Andrew Shaw,5000000,CAN,71,182,5.0,139.0,26,7,MTL,51,10,10,-8,53,990,48377,94,20,14,441,92,94,16,463,6704
Evgeny Svechnikov,925000,RUS,75,212,1.0,19.0,21,2,DET,14,2,2,-2,8,179,7409,15,4,4,16,2,2,-2,8,150
Christian Fischer,817500,USA,74,214,2.0,32.0,20,2,ARI,79,15,18,-17,14,1572,65909,154,7,14,86,18,18,-17,14,1185
Shane Prince,900000,USA,71,193,2.0,61.0,25,4,NYI,14,1,1,-3,11,203,10082,20,3,3,128,12,26,-6,39,1534
Vincent Trocheck,4500000,USA,70,182,3.0,64.0,24,5,FLA,82,31,44,-9,54,2168,105112,287,27,35,310,91,121,-9,171,5888
Travis Konecny,925000,CAN,70,175,1.0,24.0,20,2,PHI,81,24,23,17,46,1593,72449,177,20,24,151,35,40,15,95,2194
Dylan Strome,925000,CAN,75,200,1.0,3.0,20,2,ARI,21,4,5,4,8,382,16313,30,4,2,28,4,6,-1,8,368
Nick Cousins,950000,CAN,71,185,3.0,68.0,24,4,ARI,71,12,7,-7,31,1312,54795,119,14,29,178,24,22,-7,68,2117
Brandon Carlo,817500,USA,77,208,2.0,37.0,21,2,BOS,76,0,6,10,45,1857,87721,76,21,5,158,6,16,19,104,3169
Brock Boeser,925000,USA,73,191,1.0,23.0,20,2,VAN,62,29,26,-5,16,1396,65072,179,8,9,71,33,27,-5,16,1230
Mathew Barzal,925000,CAN,72,189,1.0,16.0,20,2,NYI,82,22,63,1,30,1582,87407,170,14,40,84,22,63,-1,36,1476
Nicholas Merkley,925000,CAN,70,194,1.0,30.0,20,1,ARI,1,0,0,0,2,19,810,0,1,1,1,0,0,0,2,14
Joel Ward,3275000,CAN,73,225,,,37,11,SJS,52,5,7,-2,20,942,37047,40,10,8,726,133,171,-2,261,11361
Daniel Catenacci,650000,CAN,70,193,3.0,77.0,24,2,NYR,1,0,0,-1,0,16,663,1,0,0,12,0,0,-3,0,107
Klas Dahlbeck,850000,SWE,75,207,3.0,79.0,26,4,CAR,33,1,4,-6,21,736,32402,43,9,1,170,6,17,-31,87,2660
Andy Andreoff,675000,CAN,73,203,3.0,80.0,26,4,LAK,45,3,6,-6,50,597,25352,47,16,8,159,13,11,-6,214,1486
Nick Shore,925000,USA,73,195,3.0,82.0,25,4,LAK,64,5,14,-3,16,1274,54407,75,8,7,236,15,38,-15,78,3023
Andy Welinski,925000,USA,73,206,3.0,83.0,24,1,ANA,7,0,2,-1,0,129,6793,6,0,0,7,0,2,-1,0,113
Alan Quine,650000,CAN,72,203,6.0,166.0,24,3,NYI,21,0,3,-2,4,317,14787,15,2,1,84,6,16,-4,12,1046
Jack Roslovic,925000,USA,73,187,1.0,25.0,21,2,WPG,31,5,9,5,2,519,22919,38,1,3,32,5,9,4,2,390
Zach Werenski,925000,USA,74,209,1.0,8.0,20,2,CBJ,77,16,21,8,16,2047,104301,207,8,15,155,27,57,25,30,3369
Nicolas Roy,730000,CAN,76,208,4.0,96.0,20,1,CAR,1,0,0,-1,0,16,646,1,0,2,1,0,0,-1,0,11
Kyle Rau,700000,USA,68,176,3.0,91.0,25,3,MIN,3,0,1,0,0,48,1985,4,0,0,36,2,2,-4,6,377
Ryan Dzingel,1500000,USA,72,190,7.0,204.0,25,3,OTT,79,23,18,-17,35,1631,78186,136,15,18,190,40,42,-6,76,2792
Daniel Sprong,742500,NLD,72,180,2.0,46.0,20,2,PIT,8,2,1,2,0,156,6710,22,0,3,26,4,1,1,0,269
Jean-Gabriel Pageau,2600000,CAN,70,184,4.0,96.0,25,6,OTT,78,14,15,-14,36,1789,78338,147,18,23,329,59,71,18,107,5098
Thomas Chabot,925000,CAN,74,196,1.0,18.0,21,2,OTT,63,9,16,-12,14,1441,66191,94,7,4,64,9,16,-14,14,1110
Mike Reilly,675000,USA,74,195,4.0,98.0,24,3,MIN,57,2,16,-5,26,1117,51172,65,13,3,103,5,22,-8,36,1414
Reid Boucher,687500,USA,70,195,4.0,99.0,24,5,VAN,20,3,2,-12,0,340,13651,37,0,7,132,20,22,-33,18,1633
Duncan Keith,5000000,CAN,73,192,2.0,54.0,34,13,CHI,82,2,30,-29,28,2419,117229,187,14,3,995,92,451,143,535,25092
Lawson Crouse,925000,CAN,76,220,1.0,11.0,20,2,ARI,11,1,0,-6,7,194,7220,13,2,2,83,6,7,-26,55,976
Ty Rattie,700000,CAN,71,184,2.0,32.0,24,5,EDM,14,5,4,1,2,257,12996,32,1,3,49,9,10,-2,8,556
Rocco Grimaldi,750000,USA,66,180,2.0,33.0,24,4,COL,6,1,2,0,0,85,3471,7,0,2,37,5,5,-6,8,427
Scott Mayfield,675000,USA,76,227,2.0,34.0,25,4,NYI,47,2,10,-6,45,1015,50322,58,21,11,83,5,17,-14,98,1382
Tomas Jurco,800000,SVK,74,188,2.0,35.0,25,5,CHI,29,6,4,1,12,496,21954,45,6,5,201,22,28,-11,60,2288
Adam Clendening,650000,USA,72,196,2.0,36.0,25,4,ARI,5,0,2,-1,2,107,4780,4,1,0,86,4,20,10,49,1348
Boone Jenner,2900000,CAN,74,206,2.0,37.0,24,5,CBJ,75,13,19,1,39,1575,74076,187,14,18,342,86,75,1,225,5477
Mitch Marner,925000,CAN,72,175,1.0,4.0,20,2,TOR,82,22,47,-1,26,1824,80629,194,12,18,159,41,89,-1,64,2638
Dmitrij Jaskin,1000000,CZE,74,216,2.0,41.0,24,6,STL,76,6,11,6,14,1277,56765,124,6,10,266,25,36,17,82,3240
Victor Rask,4000000,SWE,74,200,2.0,42.0,24,4,CAR,71,14,17,0,12,1471,65523,126,6,6,313,62,95,-30,68,5176
Brandon Saad,6250000,USA,73,206,2.0,43.0,25,7,CHI,82,18,17,-10,14,1937,86120,237,7,14,450,125,142,58,80,7645
Brett Ritchie,1700000,CAN,75,217,2.0,44.0,24,4,DAL,71,7,7,1,42,1170,46175,117,18,7,188,29,19,8,99,2302
Filip Chlapik,742500,CZE,73,196,2.0,48.0,20,1,OTT,20,1,3,-5,4,277,12087,21,2,3,20,1,3,-5,4,201
Joel Edmundson,1200000,CAN,76,215,2.0,46.0,24,3,STL,69,7,10,-1,57,1746,85865,124,23,12,205,11,30,10,180,3657
Matthew Nieto,1000000,USA,71,190,2.0,47.0,25,5,COL,74,15,11,6,14,1495,66196,85,7,9,338,50,57,-30,68,4893
Xavier Ouellet,1200000,FRA,73,185,2.0,48.0,24,5,DET,45,0,7,-3,6,823,37416,57,3,2,141,5,18,1,63,2294
Zack Mitchell,660000,CAN,73,196,,,25,2,MIN,23,3,2,-2,4,346,14544,17,2,3,34,3,2,-3,4,335
Joel Eriksson Ek,925000,SWE,73,206,1.0,20.0,21,2,MIN,75,6,10,2,22,1271,57503,124,11,14,90,9,14,3,26,1118
Miikka Salomaki,650000,FIN,71,203,2.0,52.0,24,4,NSH,58,2,6,-8,34,864,35773,51,17,11,125,8,11,-9,64,1400
William Karlsson,1000000,SWE,73,189,2.0,53.0,25,4,VGK,82,43,35,49,12,1807,92087,184,6,15,265,61,67,53,28,4048
Scott Harrington,650000,CAN,74,207,2.0,54.0,24,4,CBJ,32,2,3,0,8,574,25535,28,4,0,79,3,6,-7,26,1066
Ryan Sproul,650000,CAN,76,205,2.0,55.0,25,3,NYR,16,1,4,-6,6,367,15716,15,3,1,44,2,10,-14,12,689
Ivan Provorov,925000,RUS,73,201,1.0,7.0,21,2,PHI,82,17,24,17,20,2372,118832,203,10,10,164,23,48,10,54,3783
Nikita Kucherov,4500000,RUS,71,178,2.0,58.0,24,5,TBL,80,39,61,15,42,1817,95143,279,21,36,365,147,187,78,161,6335
Ryan Nugent-Hopkins,6000000,CAN,72,191,1.0,1.0,24,7,EDM,62,24,24,10,20,1397,67295,151,10,15,457,119,194,-32,142,8667
Gabriel Landeskog,6000000,SWE,73,215,1.0,2.0,25,7,COL,78,25,37,16,37,1870,94270,183,17,26,506,143,198,21,391,9595
Jonathan Huberdeau,6200000,CAN,73,188,1.0,3.0,24,6,FLA,82,27,42,-2,32,1912,94495,204,15,25,385,95,172,3,181,6726
Adam Larsson,4500000,SWE,75,210,1.0,4.0,25,7,EDM,63,4,9,10,34,1722,82904,92,17,7,416,17,84,44,244,8633
Gabriel Carlsson,925000,SWE,77,192,1.0,29.0,21,2,CBJ,14,0,2,0,4,209,9517,18,2,0,16,0,3,-2,4,193
Mika Zibanejad,6000000,SWE,74,227,1.0,6.0,24,7,NYR,72,27,20,-23,14,1799,77609,212,7,17,409,105,130,-25,94,6678
Mark Scheifele,6750000,CAN,75,207,1.0,7.0,24,7,WPG,60,23,37,19,18,1475,74442,125,9,15,366,113,174,73,142,6859
Sean Couturier,4000000,CAN,75,211,1.0,8.0,25,7,PHI,82,31,45,34,31,2176,106231,227,14,24,498,101,166,69,191,9052
Dougie Hamilton,5750000,CAN,78,210,1.0,9.0,24,6,CGY,82,17,27,1,64,2087,105932,270,32,9,423,64,156,23,269,8458
Jonas Brodin,4500000,SWE,73,194,1.0,10.0,24,6,MIN,73,6,15,23,30,1843,94627,77,15,10,404,24,76,48,108,8945
Duncan Siemens,750000,CAN,75,210,1.0,11.0,24,3,COL,16,1,1,-5,23,278,11826,14,6,2,20,1,1,-7,25,248
Ryan Murphy,700000,CAN,71,185,1.0,12.0,24,6,MIN,21,2,3,8,16,465,23954,25,7,1,172,8,34,-28,54,2997
Sven Baertschi,2000000,CHE,71,192,1.0,13.0,25,7,VAN,53,14,15,3,20,1153,49626,83,10,12,259,57,65,-22,68,3700
Jamie Oleksiak,964688,CAN,79,255,1.0,14.0,25,6,DAL,68,5,12,7,87,1571,67975,81,28,10,187,11,25,-10,169,2883
J.T. Miller,2750000,USA,73,218,1.0,15.0,24,6,NYR,82,23,35,-4,40,1850,83740,143,20,10,360,82,108,15,156,5402
Joel Armia,975000,FIN,75,205,1.0,16.0,24,4,WPG,79,12,17,3,22,1421,59731,128,11,16,180,26,32,-3,54,2396
Nathan Beaulieu,2300000,CAN,74,200,1.0,17.0,25,6,BUF,59,1,8,-19,36,1212,56453,67,12,7,284,8,61,0,188,4821
Anthony Cirelli,742500,CAN,72,180,3.0,72.0,20,1,TBL,18,5,6,11,6,352,14290,26,3,4,18,5,6,11,6,238
Oscar Klefbom,3500000,SWE,75,215,1.0,19.0,24,5,EDM,66,5,16,-12,18,1824,90475,203,8,7,255,24,70,-36,34,5587
Connor Murphy,4600000,USA,76,212,1.0,20.0,24,5,CHI,76,2,12,-3,34,1812,74663,109,14,13,334,15,48,-33,179,6086
Stefan Noesen,660000,USA,73,205,1.0,21.0,24,4,NJD,72,13,14,12,36,1266,57398,127,11,8,118,21,16,18,60,1463
Joseph Morrow,650000,CAN,72,196,1.0,23.0,25,4,MTL,56,6,10,-4,26,1239,56223,83,13,7,121,8,17,-12,42,1976
Andy Greene,5000000,USA,71,190,,,35,12,NJD,81,3,10,-9,21,2292,102662,93,9,9,788,42,168,-11,229,17132
Phillip Danault,950000,CAN,73,195,1.0,26.0,24,4,MTL,52,8,17,0,34,1151,51754,94,17,21,187,25,50,0,83,2810
Tanner Kero,700000,USA,72,185,,,25,3,CHI,8,1,2,1,0,149,5490,7,0,2,72,8,14,14,10,934
Rickard Rakell,3800000,SWE,74,198,1.0,30.0,24,6,ANA,77,34,35,6,14,1792,89705,230,7,16,313,96,102,16,57,5026
Jason Chimera,2500000,CAN,75,215,5.0,121.0,38,17,NYI,74,3,10,-12,37,1107,45730,79,17,8,1107,186,229,-31,892,15017
Markus Hannikainen,650000,FIN,73,200,,,24,3,CBJ,33,3,3,-1,6,414,16577,31,2,7,47,4,4,-3,12,396
Evan Rodrigues,650000,CAN,71,182,,,24,3,BUF,48,7,18,-10,14,889,40116,91,7,14,80,12,21,-15,18,1080
Seth Griffith,650000,CAN,69,190,5.0,131.0,25,4,BUF,21,2,1,-6,6,321,13313,15,3,2,79,8,11,-6,24,971
Mark Streit,700000,CHE,71,186,9.0,262.0,40,12,MTL,2,0,0,-2,0,42,1706,3,0,0,786,96,338,-73,374,16360
Alexandre Burrows,2500000,CAN,73,197,,,36,13,OTT,71,6,8,-8,59,1198,49798,90,20,10,913,205,204,104,1134,14134
Brayden Point,742500,CAN,70,166,3.0,79.0,21,2,TBL,82,32,34,18,24,2022,96529,217,9,22,150,50,56,22,38,2774
Andreas Martinsen,675000,NOR,75,229,,,27,3,CHI,9,1,0,-1,17,158,6826,14,7,1,128,8,11,-19,96,1361
Dean Kukan,700000,CHE,74,186,,,24,2,CBJ,11,0,4,2,2,183,8159,12,1,2,19,0,4,11,2,275
Noel Acciari,700000,USA,70,208,,,26,3,BOS,60,10,1,-6,9,1038,46487,66,3,8,108,12,5,-7,33,1264
Nico Hischier,925000,CHE,73,175,1.0,1.0,19,1,NJD,82,20,32,10,26,1778,80242,180,13,35,82,20,32,10,26,1337
Colin Miller,1100000,CAN,73,196,5.0,151.0,25,3,VGK,82,10,31,-4,53,1981,95171,177,24,18,185,19,51,-4,147,3214
Derek Ryan,1425000,USA,71,170,,,31,3,CAR,80,15,23,-15,28,1702,74909,135,14,9,153,28,41,-22,52,2319
Jon Marchessault,750000,CAN,69,174,,,27,5,VGK,77,27,48,36,40,1551,80871,268,20,19,201,65,80,5,95,3206
Jason Garrison,2500000,CAN,73,218,,,33,10,VGK,8,0,1,-2,4,191,9152,7,2,0,538,48,111,35,221,10949
Nate Schmidt,2150000,USA,73,194,,,26,5,VGK,76,5,31,19,16,2065,101419,103,8,9,276,13,66,55,64,5004
Andreas Johnsson,842500,SWE,70,180,7.0,202.0,23,1,TOR,9,2,1,-2,0,159,6318,19,0,2,9,2,1,-2,0,105
Tyler Johnson,5000000,USA,68,183,,,27,6,TBL,81,21,29,3,24,1798,82580,186,12,15,389,110,151,61,126,6852
Drew Doughty,7600000,CAN,73,200,1.0,2.0,28,10,LAK,82,10,50,23,54,2511,132031,205,27,15,770,102,320,93,555,20218
Steven Stamkos,9500000,CAN,73,194,1.0,1.0,27,10,TBL,78,27,59,18,72,1736,87864,212,25,11,664,348,320,26,440,13010
Alex Pietrangelo,7000000,CAN,75,210,1.0,4.0,28,10,STL,78,15,39,8,22,2179,120447,216,10,18,617,80,277,64,199,15265
Zach Bogosian,5500000,USA,75,221,1.0,3.0,27,10,BUF,18,0,1,-9,20,458,20689,29,7,1,552,49,121,-82,497,12083
Luke Schenn,1500000,CAN,74,229,1.0,5.0,28,10,ARI,64,1,6,-12,35,1469,62916,59,13,8,708,30,113,-45,529,13046
Colin Wilson,4000000,USA,73,221,1.0,7.0,28,9,COL,56,6,12,-5,6,987,44125,75,3,12,558,101,154,32,130,8320
Mikkel Boedker,4800000,DNK,72,210,1.0,8.0,28,10,SJS,74,15,22,0,12,1391,59304,119,6,16,618,109,179,-47,110,9556
Josh Bailey,4000000,CAN,73,203,1.0,9.0,28,10,NYI,76,18,53,-20,17,1542,81551,151,7,3,715,124,253,-52,198,11791
Tyler Myers,3500000,CAN,80,229,1.0,12.0,27,9,WPG,82,6,30,9,48,2044,105417,150,24,15,555,65,169,-2,405,12571
Barclay Goodrow,650000,CAN,74,210,,,24,4,SJS,47,7,7,1,28,792,30693,57,11,5,124,11,19,1,79,1354
Erik Karlsson,7000000,SWE,72,191,1.0,15.0,27,9,OTT,71,9,53,-25,36,2161,113914,196,17,18,627,126,392,-37,316,16278
Luca Sbisa,4000000,CHE,74,209,1.0,19.0,28,10,VGK,30,2,12,8,15,756,35137,26,6,4,495,18,84,-19,344,8965
Mikko Rantanen,925000,FIN,76,211,1.0,10.0,21,3,COL,81,29,55,0,34,1845,92159,178,17,25,165,49,73,-32,58,2971
Jake Gardiner,4050000,USA,74,200,1.0,17.0,27,7,TOR,82,5,47,9,32,2335,110824,133,16,14,489,42,173,-10,159,10450
Matt Benning,925000,CAN,73,204,6.0,175.0,23,2,EDM,73,6,15,5,49,1751,75696,111,19,13,135,9,27,13,78,2291
Michael Del Zotto,3000000,CAN,72,195,1.0,20.0,27,9,VAN,82,6,16,-8,48,2166,102356,128,24,14,566,53,158,-34,250,11701
Jordan Eberle,6000000,CAN,71,187,1.0,22.0,27,8,NYI,81,25,34,5,21,1549,78091,183,9,21,588,190,251,-43,141,10519
Tyler Ennis,3650000,CAN,69,161,1.0,26.0,28,9,MIN,73,8,14,-1,12,1115,52443,115,6,13,492,105,153,-66,180,7998
John Carlson,4000000,USA,75,218,1.0,27.0,28,9,WSH,82,15,53,0,32,2164,121926,237,16,9,608,77,256,59,198,13986
Roman Josi,5000000,CHE,73,201,2.0,38.0,27,7,NSH,75,14,39,24,24,2152,110117,253,12,10,481,78,214,35,151,11837
Justin Schultz,5500000,CAN,74,193,2.0,43.0,27,6,PIT,63,4,23,22,14,1595,73759,109,7,3,407,45,142,-22,100,8575
Aaron Ness,650000,USA,70,184,2.0,40.0,27,5,WSH,8,0,1,2,8,155,6109,2,4,1,47,1,5,-8,22,675
Zac Dalpe,700000,CAN,74,194,2.0,45.0,28,8,CBJ,12,0,0,-3,13,139,5358,18,5,0,140,12,12,-31,36,1169
Travis Hamonic,4875000,CAN,74,205,2.0,53.0,27,8,CGY,74,1,10,-9,79,1789,91900,107,21,6,518,27,130,-16,531,11592
Derek Stepan,7000000,USA,72,196,2.0,51.0,27,8,ARI,82,14,42,-7,26,2122,94795,209,13,8,597,142,274,102,156,10989
Mitch Reinke,925000,USA,71,181,,,21,1,STL,1,0,0,0,0,21,785,1,0,0,1,0,0,0,0,13
Eric Robinson,925000,USA,74,200,,,22,1,CBJ,1,0,0,1,0,14,681,2,0,0,1,0,0,1,0,11
